City_ID,City,Country,Date,Lat,Lng,Max Temp,Humidity,Cloudiness,Wind Speed
0,Rikitea,PF,2022-07-26 01:10:53,-23.1203,-134.9692,75.61,74,73,12.68
1,Carira,BR,2022-07-26 01:09:10,-10.3608,-37.7011,64.0,95,78,5.17
2,Berlevag,NO,2022-07-26 01:10:54,70.8578,29.0864,55.4,87,100,4.61
3,Palana,RU,2022-07-26 01:10:54,59.1167,159.9667,53.01,66,10,8.01
4,Vitoria Do Mearim,BR,2022-07-26 01:10:54,-3.4622,-44.8706,76.73,74,99,2.57
5,Avarua,CK,2022-07-26 01:10:55,-21.2078,-159.775,71.65,64,40,5.75
6,Kavaratti,IN,2022-07-26 01:10:55,10.5669,72.642,81.45,74,43,16.51
7,Viedma,AR,2022-07-26 01:10:55,-40.8135,-62.9967,47.62,94,100,7.49
8,Hithadhoo,MV,2022-07-26 01:10:55,-0.6,73.0833,82.65,75,41,12.39
9,Ushuaia,AR,2022-07-26 01:10:56,-54.8,-68.3,35.26,75,40,23.02
10,Nikolskoye,RU,2022-07-26 01:10:56,59.7035,30.7861,60.87,92,73,2.08
11,Belyy Yar,RU,2022-07-26 01:10:56,53.6039,91.3903,58.86,88,75,0.0
12,Faya,SA,2022-07-26 01:10:57,18.3851,42.4509,61.32,54,100,7.09
13,Bethel,US,2022-07-26 01:10:57,41.3712,-73.414,80.69,86,0,3.44
14,Umm Lajj,SA,2022-07-26 01:10:57,25.0213,37.2685,83.61,66,100,6.44
15,Lata,PT,2022-07-26 01:10:57,40.1629,-8.3327,58.87,97,6,1.95
16,Praia Da Vitoria,PT,2022-07-26 01:10:58,38.7333,-27.0667,75.76,93,3,2.35
17,Rudsar,IR,2022-07-26 01:10:58,37.1376,50.288,74.19,86,66,2.33
18,Biltine,TD,2022-07-26 01:10:58,14.5333,20.9167,86.4,52,31,7.99
19,Kavieng,PG,2022-07-26 01:10:59,-2.5744,150.7967,83.82,74,41,16.08
20,Busselton,AU,2022-07-26 01:10:59,-33.65,115.3333,61.72,77,100,19.44
21,Atuona,PF,2022-07-26 01:10:59,-9.8,-139.0333,77.77,66,0,10.36
22,Havre-Saint-Pierre,CA,2022-07-26 01:10:59,50.2334,-63.5986,64.76,94,100,9.22
23,Sitka,US,2022-07-26 01:11:00,57.0531,-135.33,57.09,94,100,0.0
24,Huallanca,PE,2022-07-26 01:11:00,-9.8993,-76.9417,48.06,82,100,4.18
25,Salalah,OM,2022-07-26 01:11:00,17.0151,54.0924,75.29,100,100,6.91
26,Kudahuvadhoo,MV,2022-07-26 01:11:00,2.6708,72.8944,79.14,82,100,15.93
27,Banda Aceh,ID,2022-07-26 01:11:01,5.5577,95.3222,79.16,80,100,6.58
28,Lowestoft,GB,2022-07-26 01:11:01,52.4752,1.7516,60.46,83,84,12.86
29,Kapaa,US,2022-07-26 01:11:01,22.0752,-159.319,84.18,68,40,14.97
30,Namatanai,PG,2022-07-26 01:11:02,-3.6667,152.4333,82.51,76,34,8.43
31,Entre Rios,BR,2022-07-26 01:11:02,-11.9419,-38.0844,65.59,97,94,3.06
32,Mataura,NZ,2022-07-26 01:11:02,-46.1927,168.8643,46.47,96,100,11.07
33,Lompoc,US,2022-07-26 01:08:16,34.6391,-120.4579,80.02,61,0,11.5
34,Kodiak,US,2022-07-26 01:08:41,57.79,-152.4072,62.11,59,75,13.8
35,Ivaipora,BR,2022-07-26 01:11:03,-24.2478,-51.6847,63.3,66,6,3.89
36,Halifax,CA,2022-07-26 01:07:55,44.6453,-63.5724,67.69,95,100,11.01
37,Rawson,AR,2022-07-26 01:11:03,-43.3002,-65.1023,45.18,94,100,7.18
38,Ngunguru,NZ,2022-07-26 01:11:03,-35.6167,174.5,59.79,76,31,19.69
39,Saskylakh,RU,2022-07-26 01:11:03,71.9167,114.0833,71.85,67,92,6.91
40,Shihezi,CN,2022-07-26 01:11:04,44.3,86.0333,79.2,19,0,5.91
41,Jamestown,US,2022-07-26 01:11:04,42.097,-79.2353,67.59,73,0,3.44
42,Omsukchan,RU,2022-07-26 01:11:04,62.5333,155.8,69.6,33,91,9.08
43,Upernavik,GL,2022-07-26 01:11:05,72.7868,-56.1549,39.16,89,73,9.86
44,Cabo San Lucas,MX,2022-07-26 01:06:22,22.8909,-109.9124,92.5,70,0,19.57
45,Cape Town,ZA,2022-07-26 01:07:38,-33.9258,18.4232,58.37,62,0,5.99
46,Tasiilaq,GL,2022-07-26 01:11:05,65.6145,-37.6368,39.38,89,100,2.21
47,Torbay,CA,2022-07-26 01:12:06,47.6666,-52.7314,68.76,89,53,18.03
48,Moquegua,PE,2022-07-26 01:12:06,-17.1956,-70.9353,60.55,48,3,0.43
49,Carnarvon,AU,2022-07-26 01:12:06,-24.8667,113.6333,63.1,39,0,8.08
50,Punta Arenas,CL,2022-07-26 01:10:32,-53.15,-70.9167,30.31,74,20,10.36
51,Igboho,NG,2022-07-26 01:12:06,8.8333,3.75,70.75,98,100,5.59
52,Tuktoyaktuk,CA,2022-07-26 01:12:07,69.4541,-133.0374,62.6,67,75,19.57
53,Hermanus,ZA,2022-07-26 01:12:07,-34.4187,19.2345,47.8,53,0,8.39
54,Hay River,CA,2022-07-26 01:09:14,60.8156,-115.7999,67.59,41,100,4.45
55,Steenbergen,NL,2022-07-26 01:12:07,51.5842,4.3194,66.97,85,100,5.75
56,Leningradskiy,RU,2022-07-26 01:12:08,69.3833,178.4167,34.66,89,98,5.75
57,Albany,US,2022-07-26 01:09:23,42.6001,-73.9662,74.35,64,0,9.78
58,Luderitz,NA,2022-07-26 01:12:08,-26.6481,15.1594,55.17,84,35,11.81
59,Codo,BR,2022-07-26 01:08:55,-4.4553,-43.8856,77.56,55,42,0.96
60,Ribeira Grande,PT,2022-07-26 01:12:08,38.5167,-28.7,74.52,89,10,5.06
61,Saint George,US,2022-07-26 01:09:49,37.1041,-113.5841,70.39,88,75,9.22
62,Ust-Ishim,RU,2022-07-26 01:12:09,57.6935,71.1665,64.49,96,89,3.94
63,Port Alfred,ZA,2022-07-26 01:12:09,-33.5906,26.891,52.18,83,0,1.01
64,Port Hardy,CA,2022-07-26 01:12:09,50.6996,-127.4199,69.98,68,20,13.8
65,Pierre,US,2022-07-26 01:12:10,44.3683,-100.351,77.05,60,0,9.22
66,Morro Bay,US,2022-07-26 01:07:41,35.3658,-120.8499,83.93,67,13,3.0
67,Changping,CN,2022-07-26 01:12:10,40.2186,116.2197,83.84,59,94,5.59
68,Galle,LK,2022-07-26 01:09:31,6.0367,80.217,78.48,85,100,10.92
69,Saint-Philippe,RE,2022-07-26 01:12:10,-21.3585,55.7679,65.79,83,58,10.76
70,Hasaki,JP,2022-07-26 01:08:11,35.7333,140.8333,79.2,83,100,19.37
71,Monrovia,LR,2022-07-26 01:08:19,6.3005,-10.7969,74.28,76,2,5.21
72,Bambous Virieux,MU,2022-07-26 01:12:10,-20.3428,57.7575,67.21,88,40,3.44
73,Barrow,US,2022-07-26 01:12:11,71.2906,-156.7887,37.42,87,100,29.93
74,Vaini,TO,2022-07-26 01:12:11,-21.2,-175.2,78.96,83,20,9.22
75,Butaritari,KI,2022-07-26 01:12:11,3.0707,172.7902,82.62,69,98,15.66
76,Itarema,BR,2022-07-26 01:12:12,-2.9248,-39.9167,77.38,77,64,12.64
77,Bathsheba,BB,2022-07-26 01:12:12,13.2167,-59.5167,81.21,95,40,14.97
78,Khatanga,RU,2022-07-26 01:12:12,71.9667,102.5,73.74,39,0,6.33
79,Arraial Do Cabo,BR,2022-07-26 01:12:13,-22.9661,-42.0278,70.65,88,6,19.48
80,Belozerskoye,RU,2022-07-26 01:12:13,55.8214,65.5842,66.6,83,100,2.57
81,Kristiinankaupunki,FI,2022-07-26 01:12:13,62.2743,21.376,62.28,95,100,16.71
82,Faanui,PF,2022-07-26 01:12:14,-16.4833,-151.75,77.77,75,76,10.4
83,Hammerfest,NO,2022-07-26 01:12:14,70.6634,23.6821,57.65,82,75,9.22
84,Hami,CN,2022-07-26 01:12:14,42.8,93.45,85.28,18,0,7.0
85,Aswan,EG,2022-07-26 01:12:14,24.0934,32.907,86.09,15,23,8.68
86,Saint-Paul,RE,2022-07-26 01:12:15,-21.0096,55.2707,68.36,73,3,4.99
87,Qui Nhon,VN,2022-07-26 01:12:15,13.7667,109.2333,82.63,73,100,3.51
88,Buraydah,SA,2022-07-26 01:12:15,26.326,43.975,85.8,19,33,4.99
89,Chokurdakh,RU,2022-07-26 01:12:15,70.6333,147.9167,61.56,36,42,14.92
90,Nakhon Si Thammarat,TH,2022-07-26 01:12:16,8.25,100.0,81.19,80,99,0.45
91,Erzin,TR,2022-07-26 01:12:16,36.9559,36.2,73.92,48,0,1.83
92,Petrov Val,RU,2022-07-26 01:13:16,50.1434,45.2096,62.65,86,2,5.99
93,Plettenberg Bay,ZA,2022-07-26 01:13:17,-34.0527,23.3716,54.63,58,0,6.31
94,Dikson,RU,2022-07-26 01:13:17,73.5069,80.5464,44.15,92,100,23.58
95,Tsiroanomandidy,MG,2022-07-26 01:13:17,-18.7667,46.0333,55.35,75,1,0.4
96,Bluff,NZ,2022-07-26 01:12:58,-46.6,168.3333,46.8,89,100,26.96
97,Thompson,CA,2022-07-26 01:13:17,55.7435,-97.8558,60.96,94,75,3.44
98,Bandarbeyla,SO,2022-07-26 01:13:18,9.4942,50.8122,77.27,70,100,27.4
99,Imeni Poliny Osipenko,RU,2022-07-26 01:13:18,52.4201,136.4853,64.18,76,100,8.59
100,Esperance,AU,2022-07-26 01:08:21,-33.8667,121.9,54.55,54,1,20.83
101,Georgetown,MY,2022-07-26 01:12:25,5.4112,100.3354,81.9,85,20,2.3
102,Almaznyy,RU,2022-07-26 01:13:18,48.0448,40.045,63.37,79,100,4.56
103,Chunian,PK,2022-07-26 01:13:18,30.964,73.9803,83.59,73,99,6.87
104,Severo-Kurilsk,RU,2022-07-26 01:13:19,50.6789,156.125,54.46,80,39,10.63
105,Istok,XK,2022-07-26 01:13:19,42.7808,20.4875,67.26,54,0,3.47
106,Biak,ID,2022-07-26 01:13:19,-0.9131,122.8766,79.61,76,80,6.87
107,Pandan,PH,2022-07-26 01:13:20,14.0453,124.1694,86.81,64,66,3.33
108,Iwaki,JP,2022-07-26 01:13:20,37.05,140.8833,87.76,93,100,3.0
109,Mareeba,AU,2022-07-26 01:13:21,-17.0,145.4333,75.49,73,1,5.48
110,Shieli,KZ,2022-07-26 01:13:21,44.1667,66.75,85.23,21,93,4.47
111,Cherskiy,RU,2022-07-26 01:13:03,68.75,161.3,56.3,40,100,12.59
112,Pacific Grove,US,2022-07-26 01:13:21,36.6177,-121.9166,69.03,81,75,12.66
113,Hobart,AU,2022-07-26 01:13:01,-42.8794,147.3294,57.25,88,75,3.44
114,Francistown,BW,2022-07-26 01:13:22,-21.17,27.5079,52.14,92,90,11.99
115,Lagoa,PT,2022-07-26 01:13:22,39.05,-27.9833,73.33,90,0,9.69
116,Yellowknife,CA,2022-07-26 01:13:22,62.456,-114.3525,70.32,37,20,19.57
117,Poum,NC,2022-07-26 01:13:23,-20.2333,164.0167,73.85,68,0,10.07
118,Vila Velha,BR,2022-07-26 01:13:23,-20.3297,-40.2925,69.94,87,20,0.0
119,Boffa,GN,2022-07-26 01:13:23,10.1667,-14.0333,73.51,95,100,2.51
120,Beringovskiy,RU,2022-07-26 01:13:24,63.05,179.3167,44.91,83,100,4.79
121,Latung,PH,2022-07-26 01:13:24,5.5,120.8833,84.04,72,100,7.47
122,Baculin,PH,2022-07-26 01:13:24,7.4525,126.5842,84.78,69,99,4.29
123,Tumbotino,RU,2022-07-26 01:13:24,55.9993,43.0236,62.51,93,14,2.86
124,Puerto Ayora,EC,2022-07-26 01:12:50,-0.7393,-90.3518,69.55,94,99,5.01
125,Atasu,KZ,2022-07-26 01:13:25,48.6814,71.6433,69.48,31,52,6.38
126,Abilene,US,2022-07-26 01:10:57,32.4487,-99.7331,98.82,19,0,14.97
127,Karratha,AU,2022-07-26 01:13:25,-20.7377,116.8463,68.7,33,0,17.6
128,Ushtobe,KZ,2022-07-26 01:13:25,45.2514,77.9838,70.38,25,100,12.91
129,Katsuura,JP,2022-07-26 01:13:26,35.1333,140.3,80.62,87,100,18.52
130,Mao,ES,2022-07-26 01:13:26,39.8885,4.2658,81.16,69,0,17.27
131,Aykhal,RU,2022-07-26 01:13:26,66.0,111.5,71.24,74,100,10.25
132,Timoteo,BR,2022-07-26 01:13:27,-19.5825,-42.6444,62.78,79,0,1.95
133,Constitucion,CL,2022-07-26 01:13:27,-35.3333,-72.4167,53.13,92,100,20.74
134,Adrar,MR,2022-07-26 01:13:27,20.5022,-10.0711,91.74,31,11,7.49
135,Wajir,KE,2022-07-26 01:13:28,1.7471,40.0573,70.65,73,1,12.06
136,Aklavik,CA,2022-07-26 01:13:28,68.2191,-135.0107,75.15,37,100,13.18
137,Fomboni,KM,2022-07-26 01:13:28,-12.28,43.7425,76.55,70,6,16.53
138,Mar Del Plata,AR,2022-07-26 01:13:29,-38.0023,-57.5575,56.08,95,100,15.99
139,Hilo,US,2022-07-26 01:08:41,19.7297,-155.09,89.28,91,75,8.05
140,Kaitangata,NZ,2022-07-26 01:14:29,-46.2817,169.8464,45.19,92,100,17.38
141,Askarovo,RU,2022-07-26 01:14:29,53.3372,58.5089,61.75,82,100,8.95
142,Assiniboia,CA,2022-07-26 01:14:29,49.6334,-105.9845,66.02,68,27,18.41
143,Minot,US,2022-07-26 01:14:30,48.2325,-101.2963,82.62,47,0,4.61
144,Preobrazheniye,RU,2022-07-26 01:14:30,42.9019,133.9064,74.53,74,84,7.29
145,Umm Kaddadah,SD,2022-07-26 01:14:30,13.6017,26.6876,87.57,44,99,12.88
146,La Ronge,CA,2022-07-26 01:14:31,55.1001,-105.2842,70.05,43,75,8.05
147,Dicabisagan,PH,2022-07-26 01:14:31,17.0818,122.4157,85.35,71,99,2.15
148,Alofi,NU,2022-07-26 01:14:31,-19.0595,-169.9187,76.89,61,75,13.8
149,Huilong,CN,2022-07-26 01:14:31,31.8111,121.655,82.89,80,79,12.3
150,Dalianwan,CN,2022-07-26 01:14:32,39.0286,121.695,80.64,69,0,8.95
151,East London,ZA,2022-07-26 01:11:58,-33.0153,27.9116,55.26,71,0,12.24
152,Fortuna,US,2022-07-26 01:14:32,40.5982,-124.1573,71.92,69,37,1.99
153,Pemangkat,ID,2022-07-26 01:14:32,1.1667,108.9667,78.51,86,87,6.67
154,Castro,BR,2022-07-26 01:14:03,-24.7911,-50.0119,58.78,74,75,2.68
155,Falavarjan,IR,2022-07-26 01:14:33,32.5553,51.5097,72.61,26,0,7.36
156,Ponta Do Sol,PT,2022-07-26 01:14:33,32.6667,-17.1,84.83,43,98,5.91
157,Tiksi,RU,2022-07-26 01:14:33,71.6872,128.8694,50.63,80,72,4.59
158,Hofn,IS,2022-07-26 01:14:33,64.2539,-15.2082,51.44,86,6,2.06
159,Arroio Grande,BR,2022-07-26 01:14:34,-32.2375,-53.0869,58.84,99,96,6.58
160,Chiungutwa,TZ,2022-07-26 01:14:34,-10.8833,38.9833,62.89,95,2,3.06
161,Honiara,SB,2022-07-26 01:14:34,-9.4333,159.95,87.26,62,17,8.72
162,Belaya Gora,RU,2022-07-26 01:14:35,68.5333,146.4167,66.38,35,62,11.16
163,Balabac,PH,2022-07-26 01:14:35,7.9868,117.0645,82.18,81,100,7.85
164,Rafraf,TN,2022-07-26 01:14:35,37.1904,10.1837,75.51,64,0,5.48
165,Taoudenni,ML,2022-07-26 01:14:35,22.6783,-3.9836,99.07,11,0,8.37
166,Basco,PH,2022-07-26 01:14:36,20.4487,121.9702,85.64,74,22,6.87
167,Margate,GB,2022-07-26 01:14:36,51.3813,1.3862,62.91,72,42,5.01
168,Sakakah,SA,2022-07-26 01:14:36,29.9697,40.2064,83.77,16,0,4.63
169,Mondlo,ZA,2022-07-26 01:14:37,-27.983,30.7177,38.25,58,0,3.74
170,Boa Vista,BR,2022-07-26 01:14:37,2.8197,-60.6733,76.98,83,40,3.44
171,Ostersund,SE,2022-07-26 01:14:37,63.1792,14.6357,57.65,100,40,10.36
172,Ancud,CL,2022-07-26 01:14:37,-41.8697,-73.8203,46.83,94,100,5.73
173,Frankfurt,DE,2022-07-26 01:14:38,50.1167,8.6833,71.89,69,20,5.75
174,Port Elizabeth,ZA,2022-07-26 01:14:38,-33.918,25.5701,52.09,87,0,8.05
175,Harper,LR,2022-07-26 01:14:38,4.375,-7.7169,73.2,78,5,4.97
176,Stokmarknes,NO,2022-07-26 01:14:39,68.5646,14.9108,57.18,82,100,4.61
177,Namibe,AO,2022-07-26 01:14:39,-15.1961,12.1522,60.96,86,4,7.67
178,Evensk,RU,2022-07-26 01:14:39,61.95,159.2333,58.71,63,48,8.63
179,Saldanha,ZA,2022-07-26 01:13:05,-33.0117,17.9442,55.42,50,0,8.68
180,Slave Lake,CA,2022-07-26 01:14:39,55.2834,-114.769,69.78,60,100,10.36
181,Anadyr,RU,2022-07-26 01:14:40,64.75,177.4833,50.5,71,40,4.47
182,Bahua,IN,2022-07-26 01:14:40,25.85,80.6333,81.75,80,93,3.06
183,Kloulklubed,PW,2022-07-26 01:14:40,7.0419,134.2556,81.1,75,99,7.78
184,Pevek,RU,2022-07-26 01:14:40,69.7008,170.3133,38.41,74,91,14.81
185,Ust-Kut,RU,2022-07-26 01:14:41,56.7938,105.7672,68.49,81,42,8.57
186,Camabatela,AO,2022-07-26 01:14:41,-8.1881,15.375,57.81,96,21,3.67
187,Pochutla,MX,2022-07-26 01:15:42,15.7432,-96.4661,82.81,83,48,2.21
188,Henties Bay,NA,2022-07-26 01:15:42,-22.116,14.2845,54.32,93,8,4.76
189,Flinders,AU,2022-07-26 01:15:42,-34.5833,150.8552,63.05,69,50,12.71
190,Benghazi,LY,2022-07-26 01:13:31,32.1167,20.0667,79.61,77,0,10.89
191,Bairiki,KI,2022-07-26 01:15:42,1.3292,172.9752,86.0,66,20,11.5
192,Eucaliptus,BO,2022-07-26 01:15:43,-17.5833,-67.5167,47.01,56,8,4.63
193,San Quintin,MX,2022-07-26 01:15:43,30.4833,-115.95,70.52,74,0,11.88
194,Tanda,IN,2022-07-26 01:15:43,26.55,82.65,81.63,79,40,10.98
195,Mount Gambier,AU,2022-07-26 01:15:44,-37.8333,140.7667,53.51,58,40,21.85
196,Tierranueva,MX,2022-07-26 01:15:44,21.6833,-100.5667,65.37,75,97,16.42
197,Manaure,CO,2022-07-26 01:15:44,11.7751,-72.4445,81.81,73,58,12.28
198,Scottsbluff,US,2022-07-26 01:15:44,41.8666,-103.6672,91.78,35,0,8.05
199,Lyuban,BY,2022-07-26 01:15:45,52.7985,28.0048,56.23,91,0,3.4
200,Kahului,US,2022-07-26 01:15:45,20.8947,-156.47,87.82,64,40,21.85
201,Mount Isa,AU,2022-07-26 01:15:45,-20.7333,139.5,67.77,37,0,21.85
202,New Norfolk,AU,2022-07-26 01:15:45,-42.7826,147.0587,56.91,82,97,1.01
203,Sept-Iles,CA,2022-07-26 01:15:46,50.2001,-66.3821,63.12,99,100,8.05
204,Tuatapere,NZ,2022-07-26 01:15:46,-46.1333,167.6833,45.0,94,100,13.42
205,Lebu,CL,2022-07-26 01:15:14,-37.6167,-73.65,53.55,85,9,25.34
206,Washington,US,2022-07-26 01:11:43,47.5001,-120.5015,101.79,19,0,5.95
207,Saint-Louis,SN,2022-07-26 01:15:46,16.3333,-15.0,79.97,71,94,6.02
208,Mehamn,NO,2022-07-26 01:15:47,71.0357,27.8492,55.35,88,100,2.3
209,Chuy,UY,2022-07-26 01:15:09,-33.6971,-53.4616,57.25,97,100,7.14
210,Klaksvik,FO,2022-07-26 01:15:47,62.2266,-6.589,47.32,84,44,10.2
211,San Patricio,US,2022-07-26 01:15:47,28.017,-97.5169,88.52,59,51,16.22
212,Caravelas,BR,2022-07-26 01:15:48,-17.7125,-39.2481,69.15,88,10,5.37
213,Kysyl-Syr,RU,2022-07-26 01:15:48,63.8986,122.7617,78.62,58,6,7.7
214,Dawei,MM,2022-07-26 01:15:48,14.0833,98.2,80.47,85,100,1.83
215,Madison Heights,US,2022-07-26 01:15:49,42.4859,-83.1052,75.16,57,0,3.44
216,La Baneza,ES,2022-07-26 01:15:49,42.3003,-5.8977,57.0,89,0,5.3
217,Martapura,ID,2022-07-26 01:15:49,-3.4167,114.85,82.49,74,20,4.61
218,Lavrentiya,RU,2022-07-26 01:15:50,65.5833,-171.0,41.52,83,100,17.92
219,Solginskiy,RU,2022-07-26 01:15:50,61.05,41.3428,56.79,91,94,4.12
220,Yulara,AU,2022-07-26 01:15:50,-25.2406,130.9889,57.04,44,0,17.27
221,Ereymentau,KZ,2022-07-26 01:15:50,51.6199,73.1033,70.63,42,100,5.3
222,Westport,US,2022-07-26 01:11:18,41.1415,-73.3579,81.73,92,0,12.66
223,Paamiut,GL,2022-07-26 01:15:51,61.994,-49.6678,43.88,92,100,4.12
224,Srednekolymsk,RU,2022-07-26 01:15:51,67.45,153.6833,62.67,34,68,12.26
225,Muisne,EC,2022-07-26 01:15:51,0.6,-80.0333,73.24,85,100,10.87
226,The Pas,CA,2022-07-26 01:15:52,53.8251,-101.2541,71.62,46,20,8.05
227,Naze,JP,2022-07-26 01:15:52,28.3667,129.4833,85.12,73,19,4.88
228,Antalaha,MG,2022-07-26 01:15:52,-14.9003,50.2788,67.1,83,97,6.29
229,Cidreira,BR,2022-07-26 01:11:15,-30.1811,-50.2056,60.89,95,4,5.84
230,Mahebourg,MU,2022-07-26 01:15:53,-20.4081,57.7,67.24,88,40,3.44
231,Neftcala,AZ,2022-07-26 01:15:53,39.3742,49.2472,73.36,73,0,2.21
232,Escuintla,GT,2022-07-26 01:15:53,14.305,-90.785,83.08,95,81,1.28
233,La Palma,US,2022-07-26 01:15:53,33.8464,-118.0467,91.17,70,0,10.36
234,Kuito,AO,2022-07-26 01:15:54,-12.3833,16.9333,52.21,42,0,3.13
235,Bodden Town,KY,2022-07-26 01:15:54,19.2833,-81.25,82.99,76,20,4.61
236,Dedougou,BF,2022-07-26 01:16:54,12.4667,-3.4667,77.18,74,99,6.06
237,Narsaq,GL,2022-07-26 01:16:54,60.9167,-46.05,52.02,91,100,1.72
238,Smithers,CA,2022-07-26 01:13:20,54.7804,-127.1743,75.52,53,20,12.66
239,Les Escoumins,CA,2022-07-26 01:16:55,48.1111,-69.0236,54.75,68,2,11.23
240,Safaga,EG,2022-07-26 01:16:55,26.7292,33.9365,86.68,40,0,4.25
241,Gat,IL,2022-07-26 01:16:55,31.61,34.7642,78.4,69,0,1.61
242,Vao,NC,2022-07-26 01:16:56,-22.6667,167.4833,69.22,67,1,13.2
243,Sioux Lookout,CA,2022-07-26 01:16:56,50.1001,-91.917,68.07,60,75,4.61
244,Fosforitnyy,RU,2022-07-26 01:16:56,55.3261,38.9,62.24,93,40,3.69
245,Sao Gabriel Da Cachoeira,BR,2022-07-26 01:16:57,-0.1303,-67.0892,72.97,98,100,2.19
246,Sinnamary,GF,2022-07-26 01:16:57,5.3833,-52.95,78.75,86,96,7.7
247,Te Anau,NZ,2022-07-26 01:16:57,-45.4167,167.7167,41.59,98,100,2.53
248,Rio De Janeiro,BR,2022-07-26 01:15:02,-22.9028,-43.2075,71.56,88,0,3.44
249,Cheremukhovo,RU,2022-07-26 01:16:57,60.3484,59.9851,54.75,88,100,3.87
250,Maracaibo,VE,2022-07-26 01:13:04,10.6317,-71.6406,80.31,78,68,9.93
251,Kasongo-Lunda,CD,2022-07-26 01:16:58,-6.4667,16.8167,69.62,69,0,2.19
252,Myitkyina,MM,2022-07-26 01:16:58,25.3833,97.4,77.32,92,76,1.16
253,Geraldton,AU,2022-07-26 01:16:58,-28.7667,114.6,48.61,81,10,13.8
254,Bengkulu,ID,2022-07-26 01:16:59,-3.8004,102.2655,74.8,81,100,2.08
255,Pozo Colorado,PY,2022-07-26 01:16:59,-23.4923,-58.7972,75.7,37,0,5.21
256,Orbetello,IT,2022-07-26 01:16:59,42.4408,11.2196,77.02,68,0,3.44
257,Korampallam,IN,2022-07-26 01:17:00,8.7667,78.1,79.09,83,75,4.61
258,Ahuimanu,US,2022-07-26 01:17:00,21.4447,-157.8378,87.51,65,0,18.41
259,Beloyarsk,RU,2022-07-26 01:17:00,53.4461,83.9048,63.91,65,79,3.87
260,Eldorado,BR,2022-07-26 01:17:00,-23.7869,-54.2836,66.07,53,0,5.06
261,Brownwood,US,2022-07-26 01:14:38,31.7093,-98.9912,99.72,31,16,14.85
262,Tessalit,ML,2022-07-26 01:17:01,20.1986,1.0114,91.94,9,0,8.32
263,Lewistown,US,2022-07-26 01:17:01,40.5992,-77.5714,76.15,100,100,3.56
264,Sao Filipe,CV,2022-07-26 01:17:01,14.8961,-24.4956,78.17,88,94,6.51
265,Bredasdorp,ZA,2022-07-26 01:17:02,-34.5322,20.0403,46.78,65,0,4.72
266,Shizunai,JP,2022-07-26 01:17:02,42.3339,142.3669,72.48,78,0,4.05
267,Rio Gallegos,AR,2022-07-26 01:17:02,-51.6226,-69.2181,24.85,86,0,6.91
268,Kuruman,ZA,2022-07-26 01:17:02,-27.4524,23.4325,50.99,40,98,9.86
269,Ayagoz,KZ,2022-07-26 01:17:03,47.9714,80.4392,65.93,33,0,12.41
270,Hovd,MN,2022-07-26 01:17:03,48.0056,91.6419,59.4,38,0,4.36
271,Amga,RU,2022-07-26 01:17:03,60.8953,131.9608,73.08,44,11,7.78
272,Jose De Freitas,BR,2022-07-26 01:17:04,-4.7564,-42.5756,76.15,42,100,4.52
273,Jimma,ET,2022-07-26 01:17:04,7.6667,36.8333,56.57,95,67,1.77
274,Palmer,US,2022-07-26 01:17:04,42.1584,-72.3287,76.55,80,75,1.01
275,Nanortalik,GL,2022-07-26 01:17:05,60.1432,-45.2371,42.6,96,100,7.52
276,Mukhen,RU,2022-07-26 01:17:05,48.1,136.1,77.02,68,80,4.25
277,Souillac,MU,2022-07-26 01:17:05,-20.5167,57.5167,66.58,88,40,3.44
278,Maceio,BR,2022-07-26 01:17:05,-9.6658,-35.7353,72.84,88,40,3.44
279,Beyneu,KZ,2022-07-26 01:17:06,45.3167,55.2,74.03,61,0,8.63
280,Santa Cruz,BO,2022-07-26 01:14:49,-17.8,-63.1667,76.46,78,75,3.44
281,San Andres,CO,2022-07-26 01:17:06,12.5847,-81.7006,80.62,83,100,4.61
282,Barabash,RU,2022-07-26 01:17:06,43.2,131.4833,78.58,71,100,1.74
283,Bara,NG,2022-07-26 01:18:07,10.3744,10.7288,73.06,92,100,13.82
284,Port Hawkesbury,CA,2022-07-26 01:16:46,45.6169,-61.3485,75.87,91,20,13.8
285,Mikhaylovka,RU,2022-07-26 01:15:34,50.06,43.2379,62.71,88,7,3.87
286,Sola,VU,2022-07-26 01:18:07,-13.8833,167.55,79.72,78,5,10.49
287,Qaanaaq,GL,2022-07-26 01:18:07,77.484,-69.3632,42.55,66,0,0.6
288,Arman,RU,2022-07-26 01:18:08,59.7,150.1667,77.02,66,0,6.87
289,Jingdezhen,CN,2022-07-26 01:18:08,29.2947,117.2079,86.97,68,97,3.0
290,Victoria,HK,2022-07-26 01:14:49,22.2855,114.1577,89.65,76,22,8.01
291,Mitsamiouli,KM,2022-07-26 01:18:08,-11.3847,43.2844,75.67,67,1,9.48
292,Harbour Breton,CA,2022-07-26 01:18:09,47.4833,-55.7983,61.79,99,100,10.0
293,Vagur,FO,2022-07-26 01:18:09,61.4732,-6.8119,49.26,81,11,10.87
294,Dutlwe,BW,2022-07-26 01:18:09,-23.9833,23.9,55.24,68,3,11.79
295,General Roca,AR,2022-07-26 01:18:10,-39.0333,-67.5833,44.64,94,100,9.4
296,Ouegoa,NC,2022-07-26 01:18:10,-20.35,164.4333,77.14,59,0,3.94
297,Liverpool,GB,2022-07-26 01:16:27,53.4106,-2.9779,57.81,93,75,5.01
298,Guerrero Negro,MX,2022-07-26 01:14:49,27.9769,-114.0611,73.15,70,4,16.51
299,Praia,CV,2022-07-26 01:18:10,14.9215,-23.5087,79.34,78,20,6.91
300,Imeni Babushkina,RU,2022-07-26 01:18:11,59.7573,43.1285,58.77,96,99,5.3
301,Karlshus,NO,2022-07-26 01:18:11,59.352,10.8723,60.57,92,100,9.22
302,Yumen,CN,2022-07-26 01:18:11,40.2833,97.2,76.51,32,74,4.65
303,Comodoro Rivadavia,AR,2022-07-26 01:17:33,-45.8667,-67.5,39.06,87,75,6.91
304,Half Moon Bay,US,2022-07-26 01:18:11,37.4636,-122.4286,79.05,75,100,19.57
305,Yar-Sale,RU,2022-07-26 01:18:12,66.8333,70.8333,49.98,76,11,18.52
306,Markala,ML,2022-07-26 01:18:12,13.7021,-6.0659,80.55,70,98,5.17
307,Tautira,PF,2022-07-26 01:18:12,-17.7333,-149.15,74.1,92,95,8.97
308,Makakilo City,US,2022-07-26 01:18:13,21.3469,-158.0858,86.32,49,75,18.41
309,Qasigiannguit,GL,2022-07-26 01:18:13,68.8193,-51.1922,46.65,97,100,2.06
310,Ambon,ID,2022-07-26 01:18:13,-3.6954,128.1814,75.34,100,75,5.75
311,Santa Rosa,PH,2022-07-26 01:18:14,14.3122,121.1114,89.58,69,100,3.11
312,Zyryanka,RU,2022-07-26 01:18:14,65.75,150.85,67.71,30,93,12.44
313,Norman Wells,CA,2022-07-26 01:18:14,65.282,-126.8329,78.84,29,75,14.97
314,Labuhan,ID,2022-07-26 01:18:15,-6.8844,112.2051,76.57,71,84,7.36
315,Mocuba,MZ,2022-07-26 01:18:15,-16.8392,36.9856,58.5,97,3,3.65
316,Katiola,CI,2022-07-26 01:18:15,8.1333,-5.1,74.03,89,11,0.89
317,Indiaroba,BR,2022-07-26 01:18:15,-11.5192,-37.5117,70.02,87,58,5.19
318,Madisonville,US,2022-07-26 01:18:16,37.3281,-87.4989,78.94,83,100,6.35
319,Emba,KZ,2022-07-26 01:18:16,48.8264,58.1442,74.26,49,100,12.95
320,Talcahuano,CL,2022-07-26 01:18:17,-36.7167,-73.1167,55.08,94,75,27.63
321,Vestmannaeyjar,IS,2022-07-26 01:18:17,63.4427,-20.2734,52.57,78,100,10.54
322,Iqaluit,CA,2022-07-26 01:14:09,63.7506,-68.5145,44.33,93,20,6.91
323,Kalmunai,LK,2022-07-26 01:18:17,7.4167,81.8167,79.84,79,100,3.83
324,Hue,VN,2022-07-26 01:18:17,16.4667,107.6,84.31,74,20,3.44
325,Grand-Santi,GF,2022-07-26 01:18:18,4.25,-54.3833,73.02,98,49,2.37
326,Yagodnoye,RU,2022-07-26 01:15:31,62.55,149.6667,72.23,35,71,2.08
327,Kaohsiung,TW,2022-07-26 01:14:58,22.6163,120.3133,89.69,75,75,5.75
328,Ramhormoz,IR,2022-07-26 01:18:18,31.28,49.6035,87.71,10,3,3.58
329,Batagay-Alyta,RU,2022-07-26 01:18:18,67.8006,130.4114,74.16,48,40,1.1
330,Nyrob,RU,2022-07-26 01:19:19,60.733,56.7202,52.5,80,100,4.43
331,Necochea,AR,2022-07-26 01:19:19,-38.5473,-58.7368,52.61,93,100,13.69
332,Bardiyah,LY,2022-07-26 01:19:19,31.7561,25.0865,77.54,76,0,14.18
333,Okha,RU,2022-07-26 01:19:20,53.5739,142.9478,57.65,95,100,10.83
334,Rincon,US,2022-07-26 01:19:20,32.296,-81.2354,82.85,74,75,9.22
335,Saint-Jean-De-Braye,FR,2022-07-26 01:19:20,47.913,1.9771,63.03,77,100,3.44
336,Yerbogachen,RU,2022-07-26 01:19:20,61.2767,108.0108,73.98,74,53,11.52
337,Grindavik,IS,2022-07-26 01:19:21,63.8424,-22.4338,48.67,100,100,6.91
338,Bilibino,RU,2022-07-26 01:19:21,68.0546,166.4372,54.86,41,75,9.55
339,Aksarka,RU,2022-07-26 01:19:21,66.5606,67.7975,50.31,77,100,17.11
340,Soma,TR,2022-07-26 01:19:22,39.1855,27.6094,67.98,70,0,7.54
341,Wake Forest,US,2022-07-26 01:19:22,35.9799,-78.5097,84.88,77,100,6.73
342,San Cristobal,VE,2022-07-26 01:15:00,7.7669,-72.225,73.58,97,37,2.06
343,Fukue,JP,2022-07-26 01:19:22,32.6881,128.8419,80.96,78,20,6.91
344,Nargana,PA,2022-07-26 01:19:23,9.4428,-78.5906,78.39,85,100,7.7
345,Livingstonia,MW,2022-07-26 01:19:23,-10.606,34.1063,58.17,83,37,4.18
346,Dingle,PH,2022-07-26 01:19:23,10.9995,122.6711,83.14,80,61,4.99
347,Isangel,VU,2022-07-26 01:19:23,-19.55,169.2667,74.86,89,97,13.13
348,Shingu,JP,2022-07-26 01:16:22,33.7333,135.9833,86.07,67,98,3.78
349,Cracow,US,2022-07-26 01:19:24,43.7424,-82.8199,70.25,63,75,0.0
350,Tancitaro,MX,2022-07-26 01:19:24,19.3333,-102.3667,60.78,88,89,2.08
351,Tahta,EG,2022-07-26 01:19:24,26.7693,31.5021,83.75,21,0,5.06
352,Bonthe,SL,2022-07-26 01:19:25,7.5264,-12.505,74.77,78,93,5.14
353,Whyalla,AU,2022-07-26 01:19:25,-33.0333,137.5833,56.17,56,44,12.44
354,Nhulunbuy,AU,2022-07-26 01:19:25,-12.2333,136.7667,81.21,65,40,17.27
355,Rudnogorsk,RU,2022-07-26 01:19:26,57.2639,103.7519,57.87,98,100,9.4
356,Tabou,CI,2022-07-26 01:19:26,4.423,-7.3528,73.47,78,1,5.17
357,Deputatskiy,RU,2022-07-26 01:19:26,69.3,139.9,62.28,57,99,4.32
358,Pisco,PE,2022-07-26 01:19:26,-13.7,-76.2167,60.85,88,72,12.66
359,Suntar,RU,2022-07-26 01:19:27,62.1444,117.6319,84.02,53,6,6.53
360,Urumqi,CN,2022-07-26 01:19:27,43.801,87.6005,74.35,38,0,4.47
361,Hirado,JP,2022-07-26 01:19:27,33.3597,129.5531,86.4,74,6,2.77
362,Khani,GE,2022-07-26 01:19:28,41.9563,42.9566,54.97,84,2,4.05
363,Strelka,RU,2022-07-26 01:19:28,58.0728,93.0344,58.6,77,14,5.35
364,Nabire,ID,2022-07-26 01:19:28,-3.3667,135.4833,77.2,91,100,4.16
365,Xianshuigu,CN,2022-07-26 01:19:29,38.985,117.3828,86.0,74,20,2.24
366,Cedral,MX,2022-07-26 01:19:29,23.8,-100.7333,69.44,57,98,5.61
367,Salinas,US,2022-07-26 01:16:02,36.6777,-121.6555,72.99,69,20,13.8
368,Miracema Do Tocantins,BR,2022-07-26 01:19:29,-9.5618,-48.3967,80.08,41,68,1.72
369,Shimoda,JP,2022-07-26 01:19:30,34.6667,138.95,84.56,87,100,9.93
370,Bystryy Istok,RU,2022-07-26 01:19:30,52.371,84.3873,60.28,73,7,3.15
371,Clyde,US,2022-07-26 01:15:13,41.3042,-82.9752,74.55,65,100,4.14
372,Atambua,ID,2022-07-26 01:19:30,-9.1061,124.8925,78.49,53,50,2.46
373,Saint Anthony,US,2022-07-26 01:20:30,45.0205,-93.218,73.33,61,0,8.05
374,Barberton,ZA,2022-07-26 01:20:31,-25.7884,31.0532,46.45,76,0,2.15
375,Medvedka,RU,2022-07-26 01:20:31,61.1629,46.387,52.0,87,0,3.83
376,Nishihara,JP,2022-07-26 01:17:18,26.1842,127.7558,89.26,78,20,10.36
377,Nalut,LY,2022-07-26 01:20:31,30.3333,10.85,78.6,24,0,9.62
378,Vaitape,PF,2022-07-26 01:20:32,-16.5167,-151.75,77.58,76,82,10.11
379,Mansehra,PK,2022-07-26 01:20:32,34.3333,73.2,72.3,85,100,2.89
380,Kashmor,PK,2022-07-26 01:20:32,28.4333,69.5833,82.53,85,100,7.76
381,Provideniya,RU,2022-07-26 01:19:33,64.3833,-173.3,50.11,62,100,20.13
382,Honningsvag,NO,2022-07-26 01:20:32,70.9821,25.9704,53.35,94,100,5.75
383,Lorengau,PG,2022-07-26 01:20:33,-2.0226,147.2712,82.47,78,91,7.63
384,Nantucket,US,2022-07-26 01:17:16,41.2835,-70.0995,80.71,93,100,18.41
385,Strezhevoy,RU,2022-07-26 01:20:33,60.7333,77.5889,60.55,86,100,5.3
386,Waipawa,NZ,2022-07-26 01:20:33,-41.4122,175.5153,52.88,97,100,9.73
387,Vila Franca Do Campo,PT,2022-07-26 01:20:34,37.7167,-25.4333,72.01,93,35,3.24
388,Makungu,TZ,2022-07-26 01:20:34,-8.7333,35.2833,53.91,94,4,1.28
389,Roma,US,2022-07-26 01:20:34,43.2128,-75.4557,65.95,74,0,4.61
390,Charagua,BO,2022-07-26 01:20:35,-19.8,-63.2167,72.48,63,0,10.4
391,Batticaloa,LK,2022-07-26 01:20:35,7.7102,81.6924,79.57,80,100,4.92
392,Nizhniy Kuranakh,RU,2022-07-26 01:20:35,58.8353,125.4869,82.89,55,73,0.98
393,Mumford,GH,2022-07-26 01:20:36,5.2618,-0.759,74.01,91,100,9.35
394,Loralai,PK,2022-07-26 01:20:36,30.3705,68.598,72.19,82,86,3.89
395,Havelock,US,2022-07-26 01:20:36,34.8791,-76.9013,84.18,86,0,11.5
396,Shurugwi,ZW,2022-07-26 01:20:36,-19.6702,30.0059,50.0,86,100,6.44
397,Zhigansk,RU,2022-07-26 01:20:37,66.7697,123.3711,70.79,51,23,0.94
398,Kununurra,AU,2022-07-26 01:20:03,-15.7667,128.7333,80.58,17,46,17.27
399,Veydelevka,RU,2022-07-26 01:20:37,50.1521,38.4492,63.27,92,100,3.94
400,Tarakan,ID,2022-07-26 01:20:37,3.3,117.6333,80.37,78,67,6.33
401,Moose Factory,CA,2022-07-26 01:20:38,51.2585,-80.6094,59.0,77,100,5.75
402,Tomatlan,MX,2022-07-26 01:20:38,19.9333,-105.25,78.13,89,100,1.7
403,Rio Grande,BR,2022-07-26 01:20:38,-32.035,-52.0986,60.94,97,100,7.02
404,Bilma,NE,2022-07-26 01:19:32,18.6853,12.9164,88.16,18,10,13.2
405,Bangkalan,ID,2022-07-26 01:20:39,-7.0455,112.7351,75.15,71,70,4.68
406,Tura,IN,2022-07-26 01:20:39,25.5198,90.2201,73.87,97,100,3.69
407,Griffith,US,2022-07-26 01:20:39,41.5284,-87.4237,72.05,80,0,5.75
408,Kattivakkam,IN,2022-07-26 01:20:39,13.2167,80.3167,80.69,87,100,7.65
409,Coquimbo,CL,2022-07-26 01:20:21,-29.9533,-71.3436,51.53,87,20,2.3
410,Springbok,ZA,2022-07-26 01:20:40,-29.6643,17.8865,53.15,35,0,5.41
411,Welwyn Garden City,GB,2022-07-26 01:20:40,51.8017,-0.2069,61.81,76,100,13.8
412,Ishigaki,JP,2022-07-26 01:20:40,24.3448,124.1572,89.73,79,40,6.91
413,Inirida,CO,2022-07-26 01:20:41,3.8653,-67.9239,73.36,95,100,1.77
414,Piranhas,BR,2022-07-26 01:20:41,-16.4269,-51.8222,72.23,39,0,4.97
415,Antigonish,CA,2022-07-26 01:18:51,45.6169,-61.9986,75.81,92,100,5.01
416,Pitimbu,BR,2022-07-26 01:20:41,-7.4706,-34.8086,73.99,82,18,11.56
417,Longyearbyen,SJ,2022-07-26 01:18:02,78.2186,15.6401,48.04,81,75,12.66
418,Durban,ZA,2022-07-26 01:16:16,-29.8579,31.0292,50.92,72,0,5.79
419,Meulaboh,ID,2022-07-26 01:21:42,4.1363,96.1285,75.07,92,100,3.67
420,Ust-Koksa,RU,2022-07-26 01:21:42,50.2696,85.6108,52.29,69,0,1.12
421,Marrakesh,MA,2022-07-26 01:19:49,31.6315,-8.0083,87.87,27,0,2.3
422,Trairi,BR,2022-07-26 01:17:37,-3.2778,-39.2689,76.68,81,50,8.81
423,Puerto Gaitan,CO,2022-07-26 01:21:42,4.3133,-72.0816,75.13,87,18,4.34
424,Mazamari,PE,2022-07-26 01:21:42,-11.3258,-74.5308,69.85,97,100,1.07
425,Zaysan,KZ,2022-07-26 01:21:43,47.4667,84.8667,69.89,26,0,8.05
426,Ilulissat,GL,2022-07-26 01:21:43,69.2167,-51.1,46.42,87,75,2.3
427,Bingol,TR,2022-07-26 01:21:43,38.8847,40.4939,64.49,39,0,6.73
428,Dunedin,NZ,2022-07-26 01:21:44,-45.8742,170.5036,45.5,93,100,20.31
429,Sorland,NO,2022-07-26 01:21:44,67.667,12.6934,53.46,89,100,16.98
430,Alzamay,RU,2022-07-26 01:21:44,55.5562,98.6644,58.21,74,100,11.81
431,Maralal,KE,2022-07-26 01:21:45,1.0968,36.698,56.44,75,100,4.88
432,Forest,US,2022-07-26 01:21:36,37.3638,-79.2897,76.05,93,0,4.61
433,Pilar,BR,2022-07-26 01:21:45,-9.5972,-35.9567,71.53,88,27,2.89
434,Pando,UY,2022-07-26 01:21:45,-34.7167,-55.95,60.89,94,75,11.5
435,Kalininskaya,RU,2022-07-26 01:21:46,45.4822,38.6628,67.62,75,37,2.01
436,Yingkou,CN,2022-07-26 01:21:46,40.6648,122.2283,80.17,69,100,7.96
437,Cofradia,HN,2022-07-26 01:21:46,15.4,-88.15,81.48,95,100,2.62
438,Haines Junction,CA,2022-07-26 01:21:46,60.7522,-137.5108,67.95,52,92,14.97
439,Genhe,CN,2022-07-26 01:21:47,50.7833,121.5167,74.79,62,89,8.7
440,Kuznechikha,RU,2022-07-26 01:21:47,57.2161,42.3348,63.28,82,12,3.31
441,Duvan,RU,2022-07-26 01:21:47,55.695,57.9024,60.06,89,90,2.39
442,Nome,US,2022-07-26 01:17:09,64.5011,-165.4064,55.17,94,100,6.91
443,Kieta,PG,2022-07-26 01:21:48,-6.2167,155.6333,82.94,73,70,3.4
444,Pervomayskoye,RU,2022-07-26 01:21:48,43.919,46.7102,70.23,55,0,4.97
445,Soc Trang,VN,2022-07-26 01:19:23,9.6033,105.98,83.35,75,100,3.2
446,Talnakh,RU,2022-07-26 01:21:48,69.4865,88.3972,60.21,64,33,6.46
447,Ponta Delgada,PT,2022-07-26 01:21:49,37.7333,-25.6667,72.32,88,40,1.14
448,Ondangwa,NA,2022-07-26 01:21:49,-17.9167,15.95,63.52,31,22,9.84
449,Temyasovo,RU,2022-07-26 01:21:49,52.9933,58.1014,58.37,84,100,5.77
450,Pafos,CY,2022-07-26 01:21:50,34.7667,32.4167,74.98,31,0,5.75
451,Ostrovnoy,RU,2022-07-26 01:21:50,68.0531,39.5131,52.5,75,93,11.86
452,Luba,GQ,2022-07-26 01:21:50,3.4568,8.5547,76.89,91,100,7.47
453,San Onofre,CO,2022-07-26 01:21:50,9.7359,-75.5263,78.37,87,100,6.33
454,Pirovskoye,RU,2022-07-26 01:21:51,57.6267,92.2658,56.66,87,26,5.12
455,Celakovice,CZ,2022-07-26 01:21:51,50.1604,14.7501,79.92,47,0,9.22
456,Buchanan,LR,2022-07-26 01:21:51,5.8808,-10.0467,73.22,81,1,4.72
457,Dudinka,RU,2022-07-26 01:19:53,69.4058,86.1778,60.62,78,100,10.98
458,Otjimbingwe,NA,2022-07-26 01:21:20,-22.35,16.1333,58.89,50,1,1.77
459,Cayenne,GF,2022-07-26 01:18:19,4.9333,-52.3333,83.08,7,0,3.44
460,Lerwick,GB,2022-07-26 01:17:20,60.1545,-1.1494,50.0,77,100,22.28
461,Mantua,IT,2022-07-26 01:21:52,45.1667,10.7833,76.08,79,68,8.01
462,Mayumba,GA,2022-07-26 01:21:52,-3.432,10.6554,70.77,89,100,3.98
463,Hambantota,LK,2022-07-26 01:22:52,6.1241,81.1185,78.33,84,100,11.01
464,Joao Pinheiro,BR,2022-07-26 01:22:53,-17.7425,-46.1725,65.39,40,0,6.08
465,Beisfjord,NO,2022-07-26 01:22:53,68.3751,17.5988,55.04,88,93,6.71
466,Ada,US,2022-07-26 01:22:29,43.4166,-116.1262,96.3,15,0,7.0
467,Puerto Narino,CO,2022-07-26 01:22:53,-3.7703,-70.3831,72.84,97,100,2.19
468,Leshukonskoye,RU,2022-07-26 01:20:53,64.8989,45.7622,46.94,85,13,2.66
469,Pathalgaon,IN,2022-07-26 01:22:54,22.5667,83.4667,73.94,93,100,4.34
470,Novotroitskaya,RU,2022-07-26 01:22:54,45.3267,41.5253,63.61,92,100,8.86
471,Artyom,AZ,2022-07-26 01:22:54,40.4723,50.333,66.34,65,0,4.07
472,Markivka,UA,2022-07-26 01:22:54,49.5229,39.5705,61.41,94,100,5.73
473,Jalu,LY,2022-07-26 01:19:34,29.0331,21.5482,81.88,25,0,9.31
474,Guanica,PR,2022-07-26 01:22:55,17.9716,-66.908,84.06,80,82,10.36
475,Pittsfield,US,2022-07-26 01:21:18,42.4501,-73.2454,70.99,78,40,3.44
476,Husavik,IS,2022-07-26 01:22:55,66.0449,-17.3389,48.97,83,100,1.23
477,Qaqortoq,GL,2022-07-26 01:22:55,60.7167,-46.0333,43.16,97,100,2.82
478,Salym,RU,2022-07-26 01:22:56,60.0625,71.4789,62.42,94,79,3.83
479,Conde,BR,2022-07-26 01:22:56,-7.2597,-34.9075,72.86,83,0,6.91
480,Jasper,US,2022-07-26 01:21:40,37.2001,-94.3502,96.85,39,40,5.75
481,Pangoa,PE,2022-07-26 01:22:56,-12.1167,-73.0,67.15,99,79,2.53
482,Alugan,PH,2022-07-26 01:22:57,12.2188,125.4808,84.42,68,100,5.17
483,Mandalgovi,MN,2022-07-26 01:22:57,45.7625,106.2708,62.8,56,0,11.01
484,Morgantown,US,2022-07-26 01:18:18,39.6295,-79.9559,77.85,90,100,2.77
485,Enkoping,SE,2022-07-26 01:22:57,59.6361,17.0777,62.71,94,100,9.62
486,Veraval,IN,2022-07-26 01:22:58,20.9,70.3667,81.55,80,100,15.84
487,Dakar,SN,2022-07-26 01:22:54,14.6937,-17.4441,79.68,81,100,7.05
488,Khvoynaya,RU,2022-07-26 01:22:58,58.9,34.5333,55.94,96,90,2.8
489,Sobradinho,BR,2022-07-26 01:22:58,-12.8333,-39.1,65.91,99,99,4.16
490,Homer,US,2022-07-26 01:22:59,59.6425,-151.5483,60.69,63,75,9.22
491,Sambava,MG,2022-07-26 01:22:59,-14.2667,50.1667,68.29,85,31,9.48
492,Ejura,GH,2022-07-26 01:19:44,7.3856,-1.3562,73.51,83,100,3.67
493,Vardo,NO,2022-07-26 01:22:59,70.3705,31.1107,53.58,94,100,5.75
494,Mecca,SA,2022-07-26 01:20:06,21.4267,39.8261,86.92,51,88,4.79
495,Alice Springs,AU,2022-07-26 01:19:39,-23.7,133.8833,56.75,44,0,19.57
496,Kefalos,GR,2022-07-26 01:23:00,36.7453,26.9589,79.02,57,0,9.22
497,Rapar,IN,2022-07-26 01:23:00,23.5667,70.6333,79.52,86,100,10.63
498,Farafangana,MG,2022-07-26 01:23:00,-22.8167,47.8333,66.27,89,62,4.29
499,Clyde River,CA,2022-07-26 01:23:01,70.4692,-68.5914,37.63,100,75,5.75
500,Mandiana,GN,2022-07-26 01:23:01,10.6333,-8.6833,71.24,96,97,3.8
501,Fairbanks,US,2022-07-26 01:23:01,64.8378,-147.7164,78.1,48,20,3.44
502,Sohag,EG,2022-07-26 01:23:02,26.557,31.6948,83.64,21,0,6.38
503,Dreux,FR,2022-07-26 01:23:02,48.6667,1.25,59.99,95,0,6.96
504,Buenos Aires,AR,2022-07-26 01:19:39,-34.6132,-58.3772,61.95,98,40,8.05
505,Auki,SB,2022-07-26 01:19:35,-8.7676,160.7034,86.61,61,18,2.91
506,Barillas,GT,2022-07-26 01:24:03,15.8036,-91.3158,61.16,98,95,1.34
507,Lithakia,GR,2022-07-26 01:24:03,37.7167,20.8333,69.17,77,0,1.48
508,Namtsy,RU,2022-07-26 01:24:03,62.7161,129.6658,77.25,47,41,8.46
509,Kruisfontein,ZA,2022-07-26 01:24:04,-34.0033,24.7314,47.01,72,0,6.67
510,Amberley,US,2022-07-26 01:24:04,39.2048,-84.428,76.55,77,20,4.61
511,Saurimo,AO,2022-07-26 01:24:04,-9.6608,20.3916,61.81,35,0,6.35
512,Plouzane,FR,2022-07-26 01:24:05,48.3833,-4.6167,61.12,88,100,6.91
513,Reconquista,AR,2022-07-26 01:20:12,-29.15,-59.65,68.9,78,5,8.46
514,Poopo,BO,2022-07-26 01:24:05,-18.3667,-66.9667,41.77,37,1,5.37
515,North Myrtle Beach,US,2022-07-26 01:24:05,33.816,-78.68,82.49,85,0,14.97
516,Butembo,CD,2022-07-26 01:24:06,0.15,29.2833,58.66,88,92,2.35
517,Oranjemund,NA,2022-07-26 01:24:06,-28.55,16.4333,55.33,85,0,3.38
518,Taree,AU,2022-07-26 01:24:06,-31.9,152.4667,62.11,76,2,2.1
519,Taybad,IR,2022-07-26 01:24:06,34.74,60.7756,81.25,33,0,8.48
520,Wuwei,CN,2022-07-26 01:24:07,37.9281,102.6414,74.5,38,100,1.16
521,Adre,TD,2022-07-26 01:24:07,13.4667,22.2,76.62,72,56,10.22
522,Portland,US,2022-07-26 01:21:01,45.5234,-122.6762,101.16,30,0,6.91
523,Anjiang,CN,2022-07-26 01:24:07,27.3194,110.1031,88.27,62,17,6.85
524,Kingaroy,AU,2022-07-26 01:24:07,-26.5333,151.8333,65.5,65,0,9.51
525,Trelew,AR,2022-07-26 01:20:39,-43.249,-65.3051,45.0,94,100,6.67
526,Concord,US,2022-07-26 01:21:32,37.978,-122.0311,87.08,42,0,12.66
527,Caucaia,BR,2022-07-26 01:24:08,-3.7361,-38.6531,76.95,74,0,6.91
528,Bowen,AU,2022-07-26 01:24:08,-20.0167,148.2333,71.17,64,74,7.09
529,Kalevala,RU,2022-07-26 01:24:08,65.2,31.1667,57.78,76,100,6.24
530,Quelimane,MZ,2022-07-26 01:24:08,-17.8786,36.8883,62.55,94,40,5.75
531,Blagoyevo,RU,2022-07-26 01:24:09,63.3667,47.9167,47.7,79,11,3.56
532,Kissidougou,GN,2022-07-26 01:24:09,9.1848,-10.0999,67.1,99,62,3.31
533,Lakatoro,VU,2022-07-26 01:21:00,-16.0999,167.4164,82.26,74,22,4.29
534,Oranjestad,AW,2022-07-26 01:23:52,12.524,-70.027,82.35,74,20,17.27
535,Nouadhibou,MR,2022-07-26 01:24:10,20.931,-17.0347,82.38,69,10,5.75
536,Mapiripan,CO,2022-07-26 01:24:10,2.8892,-72.1256,72.91,93,100,2.33
537,Katobu,ID,2022-07-26 01:24:10,-4.9408,122.5276,82.53,69,30,4.7
538,Panagar,IN,2022-07-26 01:24:11,23.3,79.9833,76.05,91,94,2.84
539,Zhezkazgan,KZ,2022-07-26 01:24:11,47.8043,67.7144,67.98,32,0,11.18
540,Dwarka,IN,2022-07-26 01:23:15,22.2394,68.9678,82.53,80,100,17.83
541,Nsoko,SZ,2022-07-26 01:24:11,-27.0333,31.95,40.26,75,0,2.39
542,Bida,NG,2022-07-26 01:24:12,9.0833,6.0167,73.92,95,100,2.93
