City_ID,City,Lat,Lng,Max Temp,Humidity,Cloudiness,Wind Speed,Country,Date,Description
0,Preeceville,51.95,-102.6677,67.01,45,90,6.8,CA,2022-08-01 18:29:33,overcast clouds
1,Albany,42.6001,-73.9662,86.63,48,32,1.99,US,2022-08-01 18:24:49,scattered clouds
2,Leningradskiy,69.3833,178.4167,46.69,74,45,5.57,RU,2022-08-01 18:29:34,scattered clouds
3,Denpasar,-8.65,115.2167,78.46,94,20,9.22,ID,2022-08-01 18:29:34,few clouds
4,Arraial Do Cabo,-22.9661,-42.0278,78.76,69,0,16.11,BR,2022-08-01 18:29:34,clear sky
5,Busselton,-33.65,115.3333,52.74,79,91,36.64,AU,2022-08-01 18:29:35,light rain
6,Yulara,-25.2406,130.9889,63.48,30,96,4.41,AU,2022-08-01 18:29:36,overcast clouds
7,Lebu,-37.6167,-73.65,50.79,68,7,10.69,CL,2022-08-01 18:29:37,clear sky
8,Sorong,-0.8833,131.25,77.68,84,75,3.74,ID,2022-08-01 18:29:37,broken clouds
9,Tiksi,71.6872,128.8694,40.55,92,99,3.65,RU,2022-08-01 18:29:38,overcast clouds
10,Puerto Ayora,-0.7393,-90.3518,82.36,90,96,11.01,EC,2022-08-01 18:29:38,overcast clouds
11,Sarangani,5.4033,125.4636,82.76,73,94,8.77,PH,2022-08-01 18:29:39,overcast clouds
12,Rocha,-34.4833,-54.3333,59.58,70,70,6.53,UY,2022-08-01 18:29:40,broken clouds
13,Mar Del Plata,-38.0023,-57.5575,60.82,85,0,8.01,AR,2022-08-01 18:26:47,clear sky
14,Hithadhoo,-0.6,73.0833,81.27,68,98,14.12,MV,2022-08-01 18:29:41,overcast clouds
15,Nouadhibou,20.931,-17.0347,75.18,83,20,13.8,MR,2022-08-01 18:29:41,few clouds
16,Butaritari,3.0707,172.7902,81.12,78,96,13.82,KI,2022-08-01 18:29:42,overcast clouds
17,Hobart,-42.8794,147.3294,46.26,79,57,19.57,AU,2022-08-01 18:29:43,broken clouds
18,Chokurdakh,70.6333,147.9167,49.06,89,99,9.46,RU,2022-08-01 18:29:43,overcast clouds
19,Ushuaia,-54.8,-68.3,46.02,81,20,6.91,AR,2022-08-01 18:26:29,few clouds
20,Bubaque,11.2833,-15.8333,80.06,79,81,17.58,GW,2022-08-01 18:29:44,broken clouds
21,Alofi,-19.0595,-169.9187,64.29,94,40,3.44,NU,2022-08-01 18:29:45,scattered clouds
22,Saint-Philippe,-21.3585,55.7679,67.59,72,30,2.95,RE,2022-08-01 18:29:46,scattered clouds
23,East London,-33.0153,27.9116,56.34,71,0,5.75,ZA,2022-08-01 18:29:47,clear sky
24,Mahanoro,-19.9,48.8,67.24,86,2,0.4,MG,2022-08-01 18:29:47,clear sky
25,Namatanai,-3.6667,152.4333,78.19,84,100,8.9,PG,2022-08-01 18:29:48,moderate rain
26,Geraldton,-28.7667,114.6,59.41,77,75,20.71,AU,2022-08-01 18:29:48,light intensity shower rain
27,Hermanus,-34.4187,19.2345,49.8,74,0,10.94,ZA,2022-08-01 18:29:49,clear sky
28,Rikitea,-23.1203,-134.9692,72.97,71,65,23.85,PF,2022-08-01 18:29:50,broken clouds
29,Yurginskoye,56.8189,67.3921,56.28,82,99,5.44,RU,2022-08-01 18:29:50,overcast clouds
30,Vaini,-21.2,-175.2,73.56,100,40,0.0,TO,2022-08-01 18:29:51,scattered clouds
31,Lakatoro,-16.0999,167.4164,77.23,85,20,8.01,VU,2022-08-01 18:29:52,few clouds
32,Mataura,-46.1927,168.8643,44.22,82,56,5.73,NZ,2022-08-01 18:29:53,broken clouds
33,Jamestown,42.097,-79.2353,80.71,59,100,13.8,US,2022-08-01 18:29:41,overcast clouds
34,Carnarvon,-24.8667,113.6333,67.48,69,83,24.2,AU,2022-08-01 18:29:54,broken clouds
35,Bredasdorp,-34.5322,20.0403,46.45,84,0,3.85,ZA,2022-08-01 18:29:54,clear sky
36,Fortuna,40.5982,-124.1573,66.92,79,100,5.75,US,2022-08-01 18:29:44,overcast clouds
37,Yamada,39.4667,141.95,73.81,97,100,7.87,JP,2022-08-01 18:29:55,overcast clouds
38,Punta Arenas,-53.15,-70.9167,48.31,66,75,27.63,CL,2022-08-01 18:28:47,broken clouds
39,Chapais,49.7834,-74.8492,73.18,42,100,14.03,CA,2022-08-01 18:29:56,overcast clouds
40,Kaitangata,-46.2817,169.8464,41.58,88,91,5.3,NZ,2022-08-01 18:29:57,overcast clouds
41,Half Moon Bay,37.4636,-122.4286,74.79,85,20,10.36,US,2022-08-01 18:28:54,few clouds
42,Luderitz,-26.6481,15.1594,54.23,81,9,9.06,NA,2022-08-01 18:29:58,clear sky
43,Synya,65.3718,58.0387,61.0,54,3,5.48,RU,2022-08-01 18:29:58,clear sky
44,Puerto Madero,14.7208,-92.4215,89.8,74,20,8.05,MX,2022-08-01 18:29:59,few clouds
45,Barrow,71.2906,-156.7887,39.78,77,31,11.56,US,2022-08-01 18:29:59,scattered clouds
46,Port Elizabeth,-33.918,25.5701,46.69,81,0,2.3,ZA,2022-08-01 18:31:55,clear sky
47,Chitrakonda,18.1167,82.0833,76.41,89,100,1.63,IN,2022-08-01 18:31:56,overcast clouds
48,Lannion,48.75,-3.4167,68.14,75,0,6.91,FR,2022-08-01 18:31:56,clear sky
49,Kharan,28.5833,65.4167,92.23,23,2,3.18,PK,2022-08-01 18:31:56,clear sky
50,Mason City,43.1536,-93.201,80.73,62,0,12.66,US,2022-08-01 18:30:12,clear sky
51,Labuhan,-6.8844,112.2051,75.52,86,29,7.63,ID,2022-08-01 18:31:57,scattered clouds
52,Eucaliptus,-17.5833,-67.5167,61.75,18,0,5.88,BO,2022-08-01 18:31:58,clear sky
53,Victoria,22.2855,114.1577,87.33,82,34,1.99,HK,2022-08-01 18:28:21,scattered clouds
54,Torbay,47.6666,-52.7314,81.37,58,75,10.36,CA,2022-08-01 18:31:59,broken clouds
55,Sai Buri,6.7013,101.6168,77.49,85,100,4.45,TH,2022-08-01 18:31:59,heavy intensity rain
56,Ancud,-41.8697,-73.8203,46.22,66,100,2.59,CL,2022-08-01 18:32:00,overcast clouds
57,Atuona,-9.8,-139.0333,77.67,73,34,15.32,PF,2022-08-01 18:31:51,scattered clouds
58,Ponta Delgada,37.7333,-25.6667,74.12,73,75,4.61,PT,2022-08-01 18:32:00,broken clouds
59,Villarrica,-25.75,-56.4333,69.76,64,100,3.65,PY,2022-08-01 18:32:01,overcast clouds
60,Cayenne,4.9333,-52.3333,86.09,32,75,8.05,GF,2022-08-01 18:30:05,broken clouds
61,Inirida,3.8653,-67.9239,76.21,96,100,1.32,CO,2022-08-01 18:32:02,overcast clouds
62,Castro,-24.7911,-50.0119,68.45,53,11,5.12,BR,2022-08-01 18:32:03,few clouds
63,Amga,60.8953,131.9608,60.94,97,100,5.35,RU,2022-08-01 18:32:03,light rain
64,Port Lincoln,-34.7333,135.8667,52.72,53,100,16.93,AU,2022-08-01 18:32:04,overcast clouds
65,Hilo,19.7297,-155.09,75.61,85,100,9.22,US,2022-08-01 18:29:32,overcast clouds
66,Jabinyanah,35.035,10.9081,85.8,57,12,7.83,TN,2022-08-01 18:32:05,few clouds
67,Turukhansk,65.8167,87.9833,46.76,79,16,7.92,RU,2022-08-01 18:32:06,few clouds
68,Faanui,-16.4833,-151.75,77.88,70,48,25.72,PF,2022-08-01 18:32:06,scattered clouds
69,Kapaa,22.0752,-159.319,79.12,83,100,18.41,US,2022-08-01 18:32:07,moderate rain
70,Nikolskoye,59.7035,30.7861,61.88,97,100,10.76,RU,2022-08-01 18:30:44,light rain
71,Rayachoti,14.05,78.75,76.05,77,100,3.96,IN,2022-08-01 18:32:08,overcast clouds
72,Aklavik,68.2191,-135.0107,59.74,53,25,3.04,CA,2022-08-01 18:32:09,scattered clouds
73,Airai,-8.9266,125.4092,54.97,93,93,2.35,TL,2022-08-01 18:31:08,overcast clouds
74,Sola,-13.8833,167.55,80.6,78,18,16.89,VU,2022-08-01 18:32:10,few clouds
75,Meulaboh,4.1363,96.1285,78.57,84,100,4.45,ID,2022-08-01 18:32:11,overcast clouds
76,Shingu,33.7333,135.9833,76.77,89,100,6.22,JP,2022-08-01 18:32:12,overcast clouds
77,Brownsville,25.9018,-97.4975,94.01,53,20,13.8,US,2022-08-01 18:30:29,few clouds
78,Bud,39.447,-86.1758,83.05,76,29,17.96,US,2022-08-01 18:32:12,scattered clouds
79,Hanna,51.6334,-111.9018,74.86,62,44,5.99,CA,2022-08-01 18:32:13,scattered clouds
80,Bangkalan,-7.0455,112.7351,80.55,89,100,5.55,ID,2022-08-01 18:32:14,moderate rain
81,Tuktoyaktuk,69.4541,-133.0374,53.6,82,40,9.22,CA,2022-08-01 18:31:53,scattered clouds
82,Tiznit,29.5833,-9.5,93.72,22,59,4.97,MA,2022-08-01 18:30:12,broken clouds
83,Arrecife,28.963,-13.5477,78.78,69,20,19.57,ES,2022-08-01 18:32:15,few clouds
84,Bluff,-46.6,168.3333,44.8,90,76,19.06,NZ,2022-08-01 18:30:32,light rain
85,Saskylakh,71.9167,114.0833,41.72,78,100,10.31,RU,2022-08-01 18:30:17,overcast clouds
86,Taltal,-25.4,-70.4833,60.51,70,27,5.55,CL,2022-08-01 18:32:17,scattered clouds
87,Buctzotz,21.2,-88.7833,97.21,39,68,3.33,MX,2022-08-01 18:32:18,broken clouds
88,Corbelia,-24.7989,-53.3067,79.95,67,71,2.24,BR,2022-08-01 18:32:18,broken clouds
89,Itarema,-2.9248,-39.9167,82.81,65,22,19.8,BR,2022-08-01 18:32:19,few clouds
90,Vardo,70.3705,31.1107,53.58,94,99,2.3,NO,2022-08-01 18:30:13,fog
91,Bilibino,68.0546,166.4372,56.23,59,12,3.78,RU,2022-08-01 18:32:20,few clouds
92,Avarua,-21.2078,-159.775,75.25,73,40,12.66,CK,2022-08-01 18:33:21,scattered clouds
93,Lompoc,34.6391,-120.4579,93.02,69,0,11.5,US,2022-08-01 18:32:07,clear sky
94,Mao,39.8885,4.2658,86.56,48,0,5.75,ES,2022-08-01 18:33:22,clear sky
95,Port Alfred,-33.5906,26.891,56.44,65,75,8.88,ZA,2022-08-01 18:33:22,broken clouds
96,Flinders,-34.5833,150.8552,52.38,68,0,8.95,AU,2022-08-01 18:33:23,clear sky
97,New Norfolk,-42.7826,147.0587,45.9,81,71,3.0,AU,2022-08-01 18:32:18,light rain
98,Ostrovnoy,68.0531,39.5131,54.64,91,100,7.49,RU,2022-08-01 18:33:24,light rain
99,Qaanaaq,77.484,-69.3632,48.06,57,35,1.23,GL,2022-08-01 18:33:24,scattered clouds
100,Kovylkino,54.0388,43.9139,61.2,75,98,7.0,RU,2022-08-01 18:33:25,overcast clouds
101,Teahupoo,-17.8333,-149.2667,73.36,68,12,23.67,PF,2022-08-01 18:33:26,few clouds
102,Waipawa,-41.4122,175.5153,49.91,76,100,26.02,NZ,2022-08-01 18:33:26,overcast clouds
103,Tasiilaq,65.6145,-37.6368,46.56,64,21,2.24,GL,2022-08-01 18:33:27,few clouds
104,Shimoda,34.6667,138.95,80.1,91,100,11.48,JP,2022-08-01 18:33:27,overcast clouds
105,Kant,27.8,79.8,87.01,66,52,2.51,IN,2022-08-01 18:33:28,broken clouds
106,Nelson Bay,-32.7167,152.15,50.0,93,0,5.01,AU,2022-08-01 18:33:29,clear sky
107,Port Hedland,-20.3167,118.5667,71.65,94,40,8.05,AU,2022-08-01 18:33:29,scattered clouds
108,Aykhal,66.0,111.5,50.0,87,100,15.41,RU,2022-08-01 18:33:30,overcast clouds
109,Klaksvik,62.2266,-6.589,50.92,86,9,13.89,FO,2022-08-01 18:33:30,clear sky
110,Pryozerne,45.2698,36.3303,76.46,79,0,7.81,UA,2022-08-01 18:33:31,clear sky
111,Zhigansk,66.7697,123.3711,50.16,79,93,19.6,RU,2022-08-01 18:33:31,overcast clouds
112,Cherskiy,68.75,161.3,62.73,46,87,21.94,RU,2022-08-01 18:31:30,overcast clouds
113,Ribeira Grande,38.5167,-28.7,77.4,73,40,9.22,PT,2022-08-01 18:33:32,scattered clouds
114,Riviere-Du-Loup,47.8304,-69.5342,75.47,69,84,5.75,CA,2022-08-01 18:33:33,broken clouds
115,Neiafu,-18.65,-173.9833,77.68,83,75,6.91,TO,2022-08-01 18:33:34,broken clouds
116,Challapalle,16.1167,80.9333,83.28,79,100,3.22,IN,2022-08-01 18:33:34,overcast clouds
117,Champerico,14.3,-91.9167,91.94,73,78,6.67,GT,2022-08-01 18:33:34,broken clouds
118,Ngawen,-7.0032,111.3129,74.25,87,53,2.13,ID,2022-08-01 18:33:35,light rain
119,Muros,42.7762,-9.0603,84.09,50,1,11.48,ES,2022-08-01 18:33:36,clear sky
120,Coquimbo,-29.9533,-71.3436,55.13,94,100,6.91,CL,2022-08-01 18:33:36,overcast clouds
121,Irtyshskiy,58.3333,68.1333,54.68,74,86,6.29,RU,2022-08-01 18:33:37,overcast clouds
122,Yellowknife,62.456,-114.3525,66.56,42,75,3.44,CA,2022-08-01 18:33:37,broken clouds
123,Alcantara,-2.4089,-44.4147,86.2,81,100,7.94,BR,2022-08-01 18:33:38,light rain
124,Lagos,6.5833,3.75,73.99,87,77,9.55,NG,2022-08-01 18:30:14,light rain
125,Richards Bay,-28.783,32.0377,61.14,73,45,4.25,ZA,2022-08-01 18:33:39,scattered clouds
126,Riverton,40.5219,-111.9391,88.45,42,0,12.66,US,2022-08-01 18:33:40,clear sky
127,Akdepe,42.0551,59.3788,80.69,32,85,7.61,TM,2022-08-01 18:33:41,overcast clouds
128,Pevek,69.7008,170.3133,47.68,71,99,20.36,RU,2022-08-01 18:33:41,overcast clouds
129,Touros,-5.1989,-35.4608,80.65,72,10,15.66,BR,2022-08-01 18:33:42,clear sky
130,Makakilo City,21.3469,-158.0858,78.69,72,75,11.5,US,2022-08-01 18:33:43,broken clouds
131,Mackenzie,55.2999,-123.1698,73.62,43,0,4.61,CA,2022-08-01 18:33:43,clear sky
132,Lasa,46.6166,10.7002,68.88,75,35,0.54,IT,2022-08-01 18:33:44,scattered clouds
133,Te Anau,-45.4167,167.7167,49.59,94,100,8.84,NZ,2022-08-01 18:33:44,overcast clouds
134,Ambilobe,-13.2,49.05,67.06,87,16,3.0,MG,2022-08-01 18:33:45,few clouds
135,Souillac,-20.5167,57.5167,66.58,100,75,3.44,MU,2022-08-01 18:33:46,light intensity shower rain
136,Gabu,12.2833,-14.2167,76.35,92,100,5.99,GW,2022-08-01 18:33:46,moderate rain
137,Jutai,-5.1833,-68.9,85.35,67,75,1.92,BR,2022-08-01 18:33:47,broken clouds
138,Ventspils,57.3894,21.5606,64.33,82,0,5.75,LV,2022-08-01 18:30:25,clear sky
139,Nadvoitsy,63.8667,34.3167,58.8,82,12,6.13,RU,2022-08-01 18:34:48,few clouds
140,Bengkulu,-3.8004,102.2655,75.47,92,100,3.98,ID,2022-08-01 18:34:49,overcast clouds
141,Sao Joao Da Barra,-21.6403,-41.0511,80.69,75,0,14.36,BR,2022-08-01 18:32:31,clear sky
142,Maceio,-9.6658,-35.7353,83.64,54,40,12.66,BR,2022-08-01 18:34:50,scattered clouds
143,Diego De Almagro,-26.3667,-70.05,71.01,24,5,8.08,CL,2022-08-01 18:32:06,clear sky
144,Pemangkat,1.1667,108.9667,79.21,83,100,2.28,ID,2022-08-01 18:34:51,overcast clouds
145,Kikwit,-5.041,18.8162,83.89,34,6,2.46,CD,2022-08-01 18:34:52,clear sky
146,Kibungo,-2.1597,30.5427,65.32,85,92,2.26,RW,2022-08-01 18:34:52,moderate rain
147,Upernavik,72.7868,-56.1549,46.62,59,100,7.11,GL,2022-08-01 18:34:53,overcast clouds
148,Dalbandin,28.8947,64.4101,91.63,19,0,7.23,PK,2022-08-01 18:34:53,clear sky
149,Cabo San Lucas,22.8909,-109.9124,92.61,58,75,3.44,MX,2022-08-01 18:34:13,broken clouds
150,Kerrobert,51.9168,-109.1348,69.85,55,91,7.52,CA,2022-08-01 18:34:55,overcast clouds
151,Wanning,18.8003,110.3967,81.07,80,100,5.57,CN,2022-08-01 18:34:55,overcast clouds
152,Komsomolskiy,40.4272,71.7189,80.01,33,100,4.65,UZ,2022-08-01 18:34:56,overcast clouds
153,Ankang,32.68,109.0172,73.94,88,0,2.35,CN,2022-08-01 18:34:57,clear sky
154,Georgetown,5.4112,100.3354,82.33,91,20,4.61,MY,2022-08-01 18:34:58,few clouds
155,Inyonga,-6.7167,32.0667,72.03,37,30,4.47,TZ,2022-08-01 18:34:59,scattered clouds
156,Esmeraldas,-19.7625,-44.3139,80.71,41,100,2.59,BR,2022-08-01 18:35:00,overcast clouds
157,Horsham,51.064,-0.3272,77.29,71,0,8.05,GB,2022-08-01 18:35:00,clear sky
158,Cidreira,-30.1811,-50.2056,64.53,69,6,3.18,BR,2022-08-01 18:35:01,clear sky
159,Kidal,18.4411,1.4078,99.27,21,12,8.57,ML,2022-08-01 18:35:01,few clouds
160,Whitehorse,60.7161,-135.0538,60.1,73,75,1.01,CA,2022-08-01 18:30:09,broken clouds
161,San Ignacio,17.1561,-89.0714,84.34,84,20,6.91,BZ,2022-08-01 18:35:03,thunderstorm
162,Barberton,-25.7884,31.0532,53.65,82,100,2.04,ZA,2022-08-01 18:35:04,overcast clouds
163,Chuy,-33.6971,-53.4616,58.24,83,86,7.2,UY,2022-08-01 18:35:04,overcast clouds
164,Marathon,44.9,-89.7668,75.18,71,100,12.66,US,2022-08-01 18:35:05,overcast clouds
165,Acapulco,16.8634,-99.8901,87.62,58,75,12.66,MX,2022-08-01 18:34:57,broken clouds
166,Takaka,-40.85,172.8,52.56,83,100,10.11,NZ,2022-08-01 18:35:06,overcast clouds
167,Borova,50.1763,30.1043,72.34,88,100,6.02,UA,2022-08-01 18:35:07,light rain
168,Porto Velho,-8.7619,-63.9039,91.45,46,0,8.05,BR,2022-08-01 18:34:11,clear sky
169,Corrales,35.2378,-106.6067,91.71,37,0,8.05,US,2022-08-01 18:35:08,clear sky
170,Buenos Aires,-34.6132,-58.3772,66.09,61,0,5.75,AR,2022-08-01 18:31:26,clear sky
171,Saint-Pierre,-21.3393,55.4781,67.91,67,0,6.91,RE,2022-08-01 18:35:09,clear sky
172,Beirut,33.8889,35.4944,83.14,70,75,8.05,LB,2022-08-01 18:31:57,broken clouds
173,Doka,13.5167,35.7667,68.5,93,100,12.53,SD,2022-08-01 18:35:09,light rain
174,Alakurtti,66.9672,30.3491,56.01,85,7,0.94,RU,2022-08-01 18:35:10,clear sky
175,Kodiak,57.79,-152.4072,58.51,77,75,9.22,US,2022-08-01 18:31:48,broken clouds
176,Saint George,37.1041,-113.5841,88.95,46,0,4.0,US,2022-08-01 18:34:57,clear sky
177,Veselynove,47.3567,31.2349,68.94,78,75,10.4,UA,2022-08-01 18:35:11,broken clouds
178,Kibala,9.1104,18.3463,73.35,94,20,2.3,TD,2022-08-01 18:35:12,thunderstorm
179,Orlik,52.5178,99.825,58.35,93,100,2.15,RU,2022-08-01 18:35:13,overcast clouds
180,Kargil,34.5667,76.1,54.99,62,2,4.43,IN,2022-08-01 18:35:13,clear sky
181,Aguimes,27.9054,-15.4461,77.63,61,20,29.93,ES,2022-08-01 18:35:14,few clouds
182,Khatanga,71.9667,102.5,44.83,75,100,5.14,RU,2022-08-01 18:35:14,overcast clouds
183,Dingle,10.9995,122.6711,75.13,89,100,1.95,PH,2022-08-01 18:35:15,overcast clouds
184,Nome,64.5011,-165.4064,66.27,53,75,8.05,US,2022-08-01 18:35:16,broken clouds
185,Seydi,39.4816,62.9137,84.15,26,63,9.28,TM,2022-08-01 18:35:16,broken clouds
186,Caravelas,-17.7125,-39.2481,73.8,82,9,6.42,BR,2022-08-01 18:30:30,clear sky
187,Kimbe,-5.5502,150.1429,74.55,92,57,5.19,PG,2022-08-01 18:36:17,broken clouds
188,Coahuayana,18.7333,-103.6833,92.53,53,71,6.26,MX,2022-08-01 18:36:18,broken clouds
189,Batemans Bay,-35.7167,150.1833,52.11,77,80,6.08,AU,2022-08-01 18:36:18,broken clouds
190,Lavrentiya,65.5833,-171.0,49.19,70,87,1.5,RU,2022-08-01 18:33:19,overcast clouds
191,San Carlos De Bariloche,-41.1456,-71.3082,44.35,49,20,18.41,AR,2022-08-01 18:34:40,few clouds
192,Lagoa,39.05,-27.9833,74.41,71,1,7.96,PT,2022-08-01 18:36:20,clear sky
193,Luzhou,28.8724,105.4405,76.32,96,100,2.89,CN,2022-08-01 18:36:20,moderate rain
194,Meybod,32.2501,54.0166,91.42,25,7,9.19,IR,2022-08-01 18:36:21,clear sky
195,Mount Gambier,-37.8333,140.7667,48.11,93,75,10.36,AU,2022-08-01 18:36:21,broken clouds
196,Gazli,40.1333,63.45,85.08,24,58,8.39,UZ,2022-08-01 18:36:22,broken clouds
197,Anadyr,64.75,177.4833,55.9,66,0,0.0,RU,2022-08-01 18:36:22,clear sky
198,Nuevo Casas Grandes,30.4167,-107.9167,82.74,54,14,4.14,MX,2022-08-01 18:36:23,few clouds
199,Leshukonskoye,64.8989,45.7622,54.63,96,6,4.65,RU,2022-08-01 18:36:23,clear sky
200,Calbuco,-41.768,-73.1273,47.41,82,100,3.51,CL,2022-08-01 18:34:22,overcast clouds
201,Skjervoy,70.0311,20.9714,55.4,88,0,3.09,NO,2022-08-01 18:36:24,clear sky
202,Samarinda,-0.5,117.15,72.12,98,100,0.13,ID,2022-08-01 18:36:25,overcast clouds
203,Grand Gaube,-20.0064,57.6608,66.6,89,100,17.31,MU,2022-08-01 18:36:26,light rain
204,Umm Kaddadah,13.6017,26.6876,82.45,53,100,7.72,SD,2022-08-01 18:36:27,overcast clouds
205,Kysyl-Syr,63.8986,122.7617,60.35,98,40,7.94,RU,2022-08-01 18:36:27,scattered clouds
206,Batagay-Alyta,67.8006,130.4114,51.28,86,100,4.85,RU,2022-08-01 18:36:28,overcast clouds
207,Lolodorf,3.2333,10.7333,69.08,98,92,2.57,CM,2022-08-01 18:36:28,overcast clouds
208,La Paz,-16.5,-68.15,66.18,10,20,8.05,BO,2022-08-01 18:36:29,few clouds
209,Borovoy,55.4333,86.0833,58.28,100,100,11.18,RU,2022-08-01 18:36:30,overcast clouds
210,Hami,42.8,93.45,83.23,29,6,8.21,CN,2022-08-01 18:36:30,clear sky
211,Codrington,-38.2667,141.9667,47.23,95,66,11.48,AU,2022-08-01 18:36:30,broken clouds
212,Tacuati,-23.45,-56.5833,90.64,26,91,0.36,PY,2022-08-01 18:36:31,overcast clouds
213,Oussouye,12.485,-16.5469,87.98,83,100,10.51,SN,2022-08-01 18:36:32,overcast clouds
214,Naze,28.3667,129.4833,79.72,85,53,11.63,JP,2022-08-01 18:36:32,broken clouds
215,Sorland,67.667,12.6934,49.86,86,100,18.1,NO,2022-08-01 18:36:33,light rain
216,Bolobo,-2.1667,16.2333,81.82,43,46,1.95,CD,2022-08-01 18:36:33,scattered clouds
217,Beloha,-25.1667,45.05,65.52,81,77,11.72,MG,2022-08-01 18:36:34,broken clouds
218,Bathsheba,13.2167,-59.5167,88.41,81,40,23.02,BB,2022-08-01 18:36:34,scattered clouds
219,San Quintin,30.4833,-115.95,78.75,55,85,12.21,MX,2022-08-01 18:36:35,overcast clouds
220,Fiditi,7.7136,3.9172,71.13,94,68,6.58,NG,2022-08-01 18:36:35,light rain
221,Trincomalee,8.5711,81.2335,80.38,79,100,24.4,LK,2022-08-01 18:36:36,heavy intensity rain
222,Port Hardy,50.6996,-127.4199,62.78,72,75,16.11,CA,2022-08-01 18:36:37,broken clouds
223,Iqaluit,63.7506,-68.5145,53.33,81,75,5.75,CA,2022-08-01 18:36:37,broken clouds
224,Fare,-16.7,-151.0167,78.06,67,2,25.1,PF,2022-08-01 18:36:38,clear sky
225,Lienz,46.8289,12.769,65.19,86,56,3.76,AT,2022-08-01 18:36:38,broken clouds
226,San Juan,-31.5375,-68.5364,66.74,24,99,5.48,AR,2022-08-01 18:35:34,overcast clouds
227,Belmonte,-15.8631,-38.8828,76.62,71,19,7.18,BR,2022-08-01 18:36:39,few clouds
228,Margate,51.3813,1.3862,71.87,80,100,4.0,GB,2022-08-01 18:35:43,overcast clouds
229,Newport,51.5877,-2.9984,74.77,77,100,12.17,GB,2022-08-01 18:36:40,overcast clouds
230,Hirna,9.2167,41.1,61.56,87,98,8.46,ET,2022-08-01 18:36:41,overcast clouds
231,Clyde River,70.4692,-68.5914,41.23,87,100,14.97,CA,2022-08-01 18:36:42,overcast clouds
232,Columbus,39.9612,-82.9988,84.11,72,100,16.11,US,2022-08-01 18:34:03,overcast clouds
233,Butembo,0.15,29.2833,57.38,99,100,2.1,CD,2022-08-01 18:37:43,light rain
234,Kindia,10.0569,-12.8658,70.3,98,100,3.02,GN,2022-08-01 18:37:43,heavy intensity rain
235,Vypolzovo,57.8767,33.6986,60.22,85,100,8.5,RU,2022-08-01 18:37:44,overcast clouds
236,Erdenet,49.0333,104.0833,60.89,79,100,4.47,MN,2022-08-01 18:35:25,overcast clouds
237,Ukiah,39.1502,-123.2078,83.44,56,0,0.0,US,2022-08-01 18:33:25,clear sky
238,Cape Town,-33.9258,18.4232,56.91,78,0,8.01,ZA,2022-08-01 18:37:40,clear sky
239,Waingapu,-9.6567,120.2641,73.87,86,75,5.55,ID,2022-08-01 18:37:45,broken clouds
240,Namibe,-15.1961,12.1522,60.87,60,93,12.71,AO,2022-08-01 18:37:45,overcast clouds
241,Skowhegan,44.7651,-69.7192,88.38,56,1,6.91,US,2022-08-01 18:32:46,clear sky
242,Ahipara,-35.1667,173.1667,48.27,86,99,4.54,NZ,2022-08-01 18:37:46,overcast clouds
243,Portland,45.5234,-122.6762,85.15,54,75,5.75,US,2022-08-01 18:34:58,broken clouds
244,Quesnel,52.9999,-122.5029,75.7,46,0,3.44,CA,2022-08-01 18:37:47,clear sky
245,Laguna,38.421,-121.4238,83.95,66,20,5.75,US,2022-08-01 18:37:48,few clouds
246,Chingirlau,51.095,54.0814,69.71,61,3,7.07,KZ,2022-08-01 18:37:49,clear sky
247,Pyay,18.8167,95.2167,79.29,88,99,7.09,MM,2022-08-01 18:37:49,overcast clouds
248,Camacha,33.0833,-16.3333,69.22,73,40,18.41,PT,2022-08-01 18:37:50,scattered clouds
249,Hamina,60.5697,27.1979,63.68,89,100,13.13,FI,2022-08-01 18:37:51,overcast clouds
250,Arman,59.7,150.1667,57.02,97,100,6.49,RU,2022-08-01 18:37:51,overcast clouds
251,Dorado,18.4588,-66.2677,92.71,79,75,12.66,PR,2022-08-01 18:37:52,haze
252,Miguel Calmon,-11.4289,-40.595,78.6,46,1,9.71,BR,2022-08-01 18:37:53,clear sky
253,Axim,4.8699,-2.2405,74.21,78,49,10.25,GH,2022-08-01 18:37:53,scattered clouds
254,Liwale,-9.7667,37.9333,70.95,54,84,5.82,TZ,2022-08-01 18:37:54,broken clouds
255,Mahebourg,-20.4081,57.7,66.49,100,75,3.44,MU,2022-08-01 18:37:54,light intensity shower rain
256,North Platte,41.1239,-100.7654,97.12,34,0,9.22,US,2022-08-01 18:37:55,clear sky
257,Sao Filipe,14.8961,-24.4956,76.19,82,47,9.53,CV,2022-08-01 18:37:56,scattered clouds
258,Rodrigues Alves,-7.738,-72.6509,82.6,68,100,2.15,BR,2022-08-01 18:37:56,overcast clouds
259,Auki,-8.7676,160.7034,76.96,84,25,4.03,SB,2022-08-01 18:37:57,scattered clouds
260,Tilichiki,60.4667,166.1,50.18,83,100,3.18,RU,2022-08-01 18:33:13,overcast clouds
261,Paita,-5.0892,-81.1144,70.95,71,14,15.32,PE,2022-08-01 18:37:58,few clouds
262,Guapore,-28.8456,-51.8903,69.71,57,1,1.32,BR,2022-08-01 18:37:58,clear sky
263,Mitsamiouli,-11.3847,43.2844,75.49,78,20,2.3,KM,2022-08-01 18:37:59,light rain
264,Abu Dhabi,24.4667,54.3667,100.51,44,0,6.91,AE,2022-08-01 18:38:00,clear sky
265,Dikson,73.5069,80.5464,41.16,91,100,9.53,RU,2022-08-01 18:38:01,overcast clouds
266,Mocuba,-16.8392,36.9856,63.59,94,50,3.44,MZ,2022-08-01 18:38:01,scattered clouds
267,Ponta Do Sol,32.6667,-17.1,78.71,76,1,4.56,PT,2022-08-01 18:38:02,clear sky
268,Olinda,-8.0089,-34.8553,80.33,65,40,14.97,BR,2022-08-01 18:38:03,scattered clouds
269,Ruidoso,33.3317,-105.673,86.95,36,94,10.36,US,2022-08-01 18:38:04,overcast clouds
270,Riyadh,24.6877,46.7219,96.94,38,100,5.68,SA,2022-08-01 18:38:05,overcast clouds
271,Clearlake,38.9582,-122.6264,80.58,67,100,1.95,US,2022-08-01 18:38:05,overcast clouds
272,Katsuura,35.1333,140.3,79.43,92,100,10.56,JP,2022-08-01 18:38:06,overcast clouds
273,Zhaoqing,23.0512,112.4597,86.83,79,10,1.54,CN,2022-08-01 18:38:07,clear sky
274,Manzanillo,20.3433,-77.1167,93.24,53,12,8.43,CU,2022-08-01 18:38:08,few clouds
275,Berlevag,70.8578,29.0864,55.4,87,100,4.61,NO,2022-08-01 18:38:08,mist
276,Cedar City,37.6775,-113.0619,79.39,53,0,13.8,US,2022-08-01 18:36:31,clear sky
277,Deer Lake,49.1667,-57.4316,84.06,51,75,19.57,CA,2022-08-01 18:38:09,broken clouds
278,Vila Velha,-20.3297,-40.2925,80.55,75,20,12.66,BR,2022-08-01 18:37:24,few clouds
279,Khandyga,62.6667,135.6,61.99,73,100,3.94,RU,2022-08-01 18:38:10,overcast clouds
280,Imbituba,-28.24,-48.6703,70.86,80,0,5.99,BR,2022-08-01 18:38:11,clear sky
281,Kudahuvadhoo,2.6708,72.8944,81.45,74,100,20.45,MV,2022-08-01 18:39:13,overcast clouds
282,Hede,33.7681,120.2517,76.53,91,0,4.97,CN,2022-08-01 18:39:13,clear sky
283,Poronaysk,49.2167,143.1167,55.94,93,100,11.54,RU,2022-08-01 18:39:14,overcast clouds
284,Yarensk,62.1675,49.0916,58.41,83,0,2.59,RU,2022-08-01 18:39:14,clear sky
285,Huangzhai,38.0751,112.6595,75.61,77,28,2.89,CN,2022-08-01 18:39:15,scattered clouds
286,Nouakchott,18.0858,-15.9785,84.13,78,0,11.9,MR,2022-08-01 18:39:16,clear sky
287,Saint Andrews,34.0454,-81.1293,96.39,45,40,16.11,US,2022-08-01 18:39:17,scattered clouds
288,Salina,38.8403,-97.6114,97.3,49,0,8.05,US,2022-08-01 18:36:54,clear sky
289,Lazaro Cardenas,17.9583,-102.2,88.63,60,17,7.92,MX,2022-08-01 18:39:17,few clouds
290,Faya,18.3851,42.4509,63.12,90,100,4.09,SA,2022-08-01 18:39:18,moderate rain
291,Ust-Tsilma,65.441,52.1498,60.67,96,100,3.4,RU,2022-08-01 18:39:18,overcast clouds
292,Raga,8.4596,25.678,67.82,92,99,3.94,SS,2022-08-01 18:39:19,overcast clouds
293,Pingzhuang,42.0372,119.2889,73.04,84,1,3.89,CN,2022-08-01 18:39:19,clear sky
294,Aksu,41.1231,80.2644,70.97,60,100,4.36,CN,2022-08-01 18:39:20,overcast clouds
295,Lorengau,-2.0226,147.2712,80.89,82,93,12.21,PG,2022-08-01 18:39:20,overcast clouds
296,Marsh Harbour,26.5412,-77.0636,83.79,66,43,10.54,BS,2022-08-01 18:39:21,scattered clouds
297,Bandarbeyla,9.4942,50.8122,75.94,85,98,30.71,SO,2022-08-01 18:39:22,overcast clouds
298,Yining,29.0361,114.5636,77.83,84,0,0.89,CN,2022-08-01 18:39:22,clear sky
299,Noshiro,40.2039,140.0242,77.23,92,100,6.78,JP,2022-08-01 18:39:23,overcast clouds
300,Monster,52.0258,4.175,71.98,52,8,5.75,NL,2022-08-01 18:39:23,clear sky
301,Bambous Virieux,-20.3428,57.7575,66.45,100,75,3.44,MU,2022-08-01 18:39:24,light intensity shower rain
302,Esperance,-33.8667,121.9,56.39,72,38,27.47,AU,2022-08-01 18:39:25,scattered clouds
303,Reichenau,50.9075,14.9563,74.01,73,87,1.01,PL,2022-08-01 18:39:26,overcast clouds
304,Paamiut,61.994,-49.6678,44.4,86,100,7.65,GL,2022-08-01 18:39:27,overcast clouds
305,Honiara,-9.4333,159.95,76.44,83,12,6.06,SB,2022-08-01 18:39:28,few clouds
306,Chimbarongo,-34.7,-71.05,49.08,69,100,4.65,CL,2022-08-01 18:39:19,overcast clouds
307,Luwuk,-0.9516,122.7875,75.45,90,100,3.98,ID,2022-08-01 18:39:29,overcast clouds
308,Tukrah,32.5341,20.5791,80.62,75,0,10.58,LY,2022-08-01 18:39:29,clear sky
309,Norman Wells,65.282,-126.8329,66.24,52,40,5.75,CA,2022-08-01 18:39:30,scattered clouds
310,Mehamn,71.0357,27.8492,55.35,88,0,2.3,NO,2022-08-01 18:39:31,clear sky
311,Mariental,-24.6333,17.9667,58.5,48,83,12.59,NA,2022-08-01 18:39:31,light rain
312,Isangel,-19.55,169.2667,75.47,86,99,13.13,VU,2022-08-01 18:37:20,overcast clouds
313,College,64.8569,-147.8028,65.59,75,75,10.36,US,2022-08-01 18:36:22,broken clouds
314,Deputatskiy,69.3,139.9,49.91,92,100,4.72,RU,2022-08-01 18:39:33,light rain
315,Mount Pleasant,32.7941,-79.8626,97.0,60,20,12.66,US,2022-08-01 18:37:11,few clouds
316,Korla,41.7597,86.1469,73.78,55,100,19.86,CN,2022-08-01 18:39:34,overcast clouds
317,Acajutla,13.5928,-89.8275,88.14,58,8,6.93,SV,2022-08-01 18:39:34,clear sky
318,Palmas,-10.2128,-48.3603,93.07,38,40,8.05,BR,2022-08-01 18:39:35,scattered clouds
319,Chabahar,25.2919,60.643,82.78,86,19,7.99,IR,2022-08-01 18:39:36,few clouds
320,Lichinga,-13.3128,35.2406,62.64,51,95,6.2,MZ,2022-08-01 18:39:36,overcast clouds
321,Borogontsy,62.6683,131.1683,63.72,97,100,5.95,RU,2022-08-01 18:39:37,overcast clouds
322,Broken Hill,-31.95,141.4333,45.41,50,1,8.75,AU,2022-08-01 18:39:38,clear sky
323,Pacific Grove,36.6177,-121.9166,80.35,71,0,4.61,US,2022-08-01 18:39:38,clear sky
324,Lovozero,68.005,35.0117,56.59,88,100,1.19,RU,2022-08-01 18:39:39,light rain
325,Lima,-12.0432,-77.0282,61.05,72,40,10.36,PE,2022-08-01 18:36:26,scattered clouds
326,Rio Gallegos,-51.6226,-69.2181,51.85,43,40,13.8,AR,2022-08-01 18:40:40,scattered clouds
327,Terrace Bay,48.7834,-87.1,57.06,80,98,12.64,CA,2022-08-01 18:40:40,overcast clouds
328,Merauke,-8.4667,140.3333,76.03,92,91,11.01,ID,2022-08-01 18:40:41,overcast clouds
329,Pisco,-13.7,-76.2167,63.01,77,75,6.91,PE,2022-08-01 18:40:41,broken clouds
330,Beringovskiy,63.05,179.3167,52.63,66,23,3.44,RU,2022-08-01 18:40:42,few clouds
331,Bethel,41.3712,-73.414,79.36,74,100,5.75,US,2022-08-01 18:40:43,overcast clouds
332,Tanout,14.9709,8.8879,87.49,43,99,11.14,NE,2022-08-01 18:40:44,overcast clouds
333,Manono,-7.3,27.4167,82.13,27,12,6.53,CD,2022-08-01 18:40:44,few clouds
334,Kilemary,56.7783,46.8659,61.41,75,53,4.61,RU,2022-08-01 18:40:45,broken clouds
335,Ilulissat,69.2167,-51.1,53.62,47,20,4.61,GL,2022-08-01 18:39:32,few clouds
336,Necochea,-38.5473,-58.7368,61.63,61,11,5.79,AR,2022-08-01 18:40:46,few clouds
337,Camapua,-19.5314,-54.0439,91.49,17,0,5.91,BR,2022-08-01 18:40:46,clear sky
338,Nuqui,5.7125,-77.2708,81.14,81,81,11.07,CO,2022-08-01 18:40:47,light rain
339,Kargopol,61.5071,38.9456,56.93,79,100,4.61,RU,2022-08-01 18:40:48,overcast clouds
340,Bongandanga,1.5,21.05,73.98,78,97,1.41,CD,2022-08-01 18:40:48,overcast clouds
341,Sosva,59.1766,61.8558,54.0,77,100,3.89,RU,2022-08-01 18:40:49,overcast clouds
342,Joensuu,62.6012,29.7632,64.89,77,0,4.61,FI,2022-08-01 18:40:49,clear sky
343,Buala,-8.145,159.5921,79.5,77,57,6.35,SB,2022-08-01 18:40:50,broken clouds
344,Srednekolymsk,67.45,153.6833,65.7,72,100,6.93,RU,2022-08-01 18:40:51,light rain
345,Miquelon,47.0975,-56.3814,71.6,90,92,9.22,PM,2022-08-01 18:40:51,overcast clouds
346,Port Blair,11.6667,92.75,80.64,89,40,4.61,IN,2022-08-01 18:40:52,mist
347,Vanavara,60.34,102.2797,60.96,98,35,4.99,RU,2022-08-01 18:40:52,scattered clouds
348,Talnakh,69.4865,88.3972,49.21,69,0,11.36,RU,2022-08-01 18:40:53,clear sky
349,Takoradi,4.8845,-1.7554,74.25,78,88,11.36,GH,2022-08-01 18:40:53,overcast clouds
350,Boppard,50.2308,7.5899,74.37,82,68,2.08,DE,2022-08-01 18:40:54,broken clouds
351,Pierre,44.3683,-100.351,90.52,37,0,18.41,US,2022-08-01 18:40:54,clear sky
352,Malinovka,53.8579,27.4374,65.7,97,100,4.09,BY,2022-08-01 18:40:56,overcast clouds
353,Verkhnyaya Inta,65.9811,60.3094,59.86,57,9,9.44,RU,2022-08-01 18:40:56,clear sky
354,Kharp,66.8014,65.8081,53.1,76,27,1.32,RU,2022-08-01 18:40:57,scattered clouds
355,Santa Rosa,14.3122,121.1114,77.09,94,100,5.46,PH,2022-08-01 18:40:57,overcast clouds
356,Sylvan Lake,52.3168,-114.0853,73.35,70,75,10.36,CA,2022-08-01 18:40:58,broken clouds
357,Wattegama,6.7989,81.4808,75.31,81,100,10.09,LK,2022-08-01 18:40:58,overcast clouds
358,Paraiso,9.8383,-83.8656,79.66,60,67,5.55,CR,2022-08-01 18:40:59,broken clouds
359,Wamba,8.9333,8.6,71.94,92,99,1.74,NG,2022-08-01 18:40:59,overcast clouds
360,Saiha,22.4833,92.9667,70.57,99,100,2.04,IN,2022-08-01 18:41:00,overcast clouds
361,Port Augusta,-32.5,137.7667,49.68,51,100,12.28,AU,2022-08-01 18:41:01,overcast clouds
362,Dzilam Gonzalez,21.2833,-88.9333,92.14,52,59,7.74,MX,2022-08-01 18:41:01,broken clouds
363,Ushtobe,45.2514,77.9838,69.6,63,89,7.74,KZ,2022-08-01 18:41:02,overcast clouds
364,Krasnovishersk,60.4078,57.082,56.5,73,100,2.17,RU,2022-08-01 18:41:02,overcast clouds
365,Goryachiy Klyuch,44.6308,39.13,71.22,93,60,6.73,RU,2022-08-01 18:41:03,broken clouds
366,Sur,22.5667,59.5289,89.37,60,19,5.37,OM,2022-08-01 18:41:04,few clouds
367,Kahului,20.8947,-156.47,80.83,76,40,13.8,US,2022-08-01 18:41:05,light rain
368,Daru,-9.0763,143.2092,77.16,91,33,9.22,PG,2022-08-01 18:41:05,scattered clouds
369,La Ronge,55.1001,-105.2842,71.82,53,40,5.75,CA,2022-08-01 18:41:06,scattered clouds
370,Colac,-38.3333,143.5833,48.16,92,62,8.81,AU,2022-08-01 18:42:07,broken clouds
371,Awjilah,29.1081,21.2869,88.61,35,0,16.22,LY,2022-08-01 18:42:08,clear sky
372,Ust-Koksa,50.2696,85.6108,55.89,87,99,0.74,RU,2022-08-01 18:42:08,overcast clouds
373,Petropavl,54.8753,69.1628,55.04,90,99,7.74,KZ,2022-08-01 18:41:46,overcast clouds
374,Severo-Kurilsk,50.6789,156.125,52.03,86,3,5.03,RU,2022-08-01 18:38:59,clear sky
375,Thompson,55.7435,-97.8558,62.76,55,75,4.61,CA,2022-08-01 18:41:38,broken clouds
376,Opuwo,-18.0607,13.84,47.93,28,3,7.14,NA,2022-08-01 18:42:10,clear sky
377,San Patricio,28.017,-97.5169,95.16,42,55,16.96,US,2022-08-01 18:42:05,broken clouds
378,Hinton,53.4001,-117.5857,77.97,43,100,2.1,CA,2022-08-01 18:42:11,overcast clouds
379,Conde,-7.2597,-34.9075,81.86,61,20,18.41,BR,2022-08-01 18:42:12,few clouds
380,Asau,46.4333,26.4,65.32,91,82,3.15,RO,2022-08-01 18:42:13,broken clouds
381,Saint-Joseph,-21.3667,55.6167,66.58,68,1,3.71,RE,2022-08-01 18:37:20,clear sky
382,Annau,37.8876,58.516,83.7,48,40,4.61,TM,2022-08-01 18:42:14,scattered clouds
383,Qianan,44.9932,124.0581,74.73,95,98,7.34,CN,2022-08-01 18:42:14,overcast clouds
384,Lamar,33.6668,-95.5836,96.98,70,20,9.22,US,2022-08-01 18:42:15,few clouds
385,Ballarat,-37.5662,143.8496,43.09,95,53,6.44,AU,2022-08-01 18:42:15,broken clouds
386,San Cristobal,7.7669,-72.225,77.18,82,100,6.06,VE,2022-08-01 18:42:17,overcast clouds
387,Ahmadpur Sial,30.6754,71.7483,89.24,62,0,2.91,PK,2022-08-01 18:42:18,clear sky
388,Provideniya,64.3833,-173.3,52.25,65,86,1.21,RU,2022-08-01 18:42:18,overcast clouds
389,Madison,34.7334,-86.5667,77.7,97,100,5.75,US,2022-08-01 18:39:12,moderate rain
390,Marion,39.7684,-86.1555,81.54,73,75,19.57,US,2022-08-01 18:42:19,broken clouds
391,Panguna,-6.3164,155.4848,67.59,96,33,2.46,PG,2022-08-01 18:42:20,light rain
392,Rock Springs,41.5875,-109.2029,85.44,15,0,3.44,US,2022-08-01 18:42:21,clear sky
393,Khash,28.2211,61.2158,84.02,48,19,12.1,IR,2022-08-01 18:42:21,few clouds
394,Hit,33.6416,42.8251,100.22,12,0,4.25,IQ,2022-08-01 18:42:22,clear sky
395,Hopkinton,41.4612,-71.7776,75.38,84,100,3.44,US,2022-08-01 18:42:22,overcast clouds
396,Grand-Santi,4.25,-54.3833,84.49,70,94,1.48,GF,2022-08-01 18:42:23,overcast clouds
397,Vila Franca Do Campo,37.7167,-25.4333,73.81,76,90,2.53,PT,2022-08-01 18:42:23,overcast clouds
398,Molepolole,-24.4066,25.4951,60.94,59,32,17.25,BW,2022-08-01 18:42:24,scattered clouds
399,Wuning,29.2589,120.2311,78.39,86,99,2.89,CN,2022-08-01 18:42:25,overcast clouds
400,Inuvik,68.3499,-133.7218,56.41,84,40,2.3,CA,2022-08-01 18:42:25,scattered clouds
401,Hualmay,-11.0964,-77.6139,66.69,72,72,12.15,PE,2022-08-01 18:42:26,broken clouds
402,Tateyama,34.9833,139.8667,79.11,89,100,9.84,JP,2022-08-01 18:42:26,moderate rain
403,Kloulklubed,7.0419,134.2556,81.05,80,100,9.53,PW,2022-08-01 18:42:27,overcast clouds
404,Obudovac,44.965,18.6122,74.34,43,3,3.33,BA,2022-08-01 18:42:27,clear sky
405,Los Llanos De Aridane,28.6585,-17.9182,74.12,85,75,18.41,ES,2022-08-01 18:42:28,broken clouds
406,Flin Flon,54.7682,-101.865,69.64,40,40,6.91,CA,2022-08-01 18:42:28,scattered clouds
407,Terrace,54.5163,-128.6035,67.91,63,75,9.22,CA,2022-08-01 18:42:29,broken clouds
408,Japura,-0.3167,102.35,74.59,98,100,2.62,ID,2022-08-01 18:42:29,overcast clouds
409,Makungu,-8.7333,35.2833,56.84,85,6,3.42,TZ,2022-08-01 18:42:30,clear sky
410,Avera,33.194,-82.5271,96.31,30,18,10.47,US,2022-08-01 18:42:31,few clouds
411,Kaeo,-35.1,173.7833,42.33,95,100,3.09,NZ,2022-08-01 18:39:38,overcast clouds
412,Vao,-22.6667,167.4833,71.55,85,83,21.05,NC,2022-08-01 18:42:31,broken clouds
413,Westport,41.1415,-73.3579,77.14,91,100,4.61,US,2022-08-01 18:42:32,overcast clouds
414,Manchester,53.4809,-2.2374,73.38,59,75,10.36,GB,2022-08-01 18:38:24,light rain
415,Aviemore,57.1955,-3.8259,58.48,89,100,5.19,GB,2022-08-01 18:42:33,moderate rain
416,Waddan,29.1614,16.139,90.66,24,0,8.72,LY,2022-08-01 18:43:41,clear sky
417,Kutum,14.2,24.6667,75.16,62,82,2.53,SD,2022-08-01 18:43:42,broken clouds
418,Mago,53.2514,140.1822,58.78,98,100,4.45,RU,2022-08-01 18:43:43,overcast clouds
419,Ahuimanu,21.4447,-157.8378,80.2,77,100,11.5,US,2022-08-01 18:43:44,light rain
420,Jalu,29.0331,21.5482,89.49,27,0,13.27,LY,2022-08-01 18:43:44,clear sky
421,Tawau,4.2498,117.8871,77.13,94,100,1.99,MY,2022-08-01 18:43:45,moderate rain
422,Popondetta,-8.7537,148.2534,71.98,82,5,3.47,PG,2022-08-01 18:43:45,clear sky
423,Erzincan,39.75,39.5,78.1,34,0,17.27,TR,2022-08-01 18:43:46,clear sky
424,Imeni Poliny Osipenko,52.4201,136.4853,64.49,99,100,6.58,RU,2022-08-01 18:43:47,moderate rain
425,Ulaangom,49.9811,92.0667,61.92,68,4,1.01,MN,2022-08-01 18:43:47,clear sky
426,Saint Anthony,45.0205,-93.218,83.79,44,0,11.5,US,2022-08-01 18:43:48,clear sky
427,Krylovskaya,46.3194,39.9711,81.63,39,8,10.09,RU,2022-08-01 18:43:49,clear sky
428,Amahai,-3.3333,128.9167,76.69,87,94,2.98,ID,2022-08-01 18:43:49,overcast clouds
429,Tianpeng,30.9866,103.9393,73.87,77,79,1.79,CN,2022-08-01 18:43:50,broken clouds
430,Santiago,-33.4569,-70.6483,63.55,67,75,8.05,CL,2022-08-01 18:40:30,haze
431,Katobu,-4.9408,122.5276,72.81,96,100,4.03,ID,2022-08-01 18:43:51,overcast clouds
432,Novi Bilokorovychi,51.1155,28.0546,66.31,81,100,8.28,UA,2022-08-01 18:43:52,overcast clouds
433,Zwedru,6.0667,-8.1281,70.45,93,100,3.89,LR,2022-08-01 18:43:53,overcast clouds
434,Mogadishu,2.0371,45.3438,76.26,80,16,17.27,SO,2022-08-01 18:43:53,few clouds
435,Kashi,39.4547,75.9797,78.01,29,100,6.71,CN,2022-08-01 18:43:54,overcast clouds
436,Dakar,14.6937,-17.4441,84.33,74,40,11.5,SN,2022-08-01 18:43:55,scattered clouds
437,Akim Swedru,5.8938,-1.0164,71.67,81,58,5.5,GH,2022-08-01 18:43:55,broken clouds
438,Haines Junction,60.7522,-137.5108,62.55,59,15,2.3,CA,2022-08-01 18:43:56,few clouds
439,Talaya,61.3833,152.75,53.56,81,96,6.64,RU,2022-08-01 18:43:56,overcast clouds
440,Presidente Dutra,-5.29,-44.49,96.98,25,87,8.08,BR,2022-08-01 18:43:57,overcast clouds
441,Liverpool,53.4106,-2.9779,70.14,86,75,4.61,GB,2022-08-01 18:40:43,light intensity drizzle rain
442,Bundaberg,-24.85,152.35,57.22,99,100,4.41,AU,2022-08-01 18:43:58,overcast clouds
443,Dunedin,-45.8742,170.5036,55.8,53,53,13.33,NZ,2022-08-01 18:43:58,broken clouds
444,Santa Cruz De La Palma,28.6835,-17.7642,78.13,78,75,18.41,ES,2022-08-01 18:43:59,broken clouds
445,Tautira,-17.7333,-149.15,77.34,68,17,23.33,PF,2022-08-01 18:44:00,few clouds
446,Azanka,58.0401,64.7893,54.36,80,100,4.72,RU,2022-08-01 18:44:00,overcast clouds
447,Bulancak,40.9372,38.2291,76.82,78,40,0.0,TR,2022-08-01 18:44:01,scattered clouds
448,Biak,-0.9131,122.8766,74.41,88,99,5.12,ID,2022-08-01 18:44:01,overcast clouds
449,Danville,36.586,-79.395,90.03,64,20,12.66,US,2022-08-01 18:44:02,few clouds
450,Amalapuram,16.5833,82.0167,81.0,85,100,2.89,IN,2022-08-01 18:44:03,overcast clouds
451,Hasaki,35.7333,140.8333,81.28,88,100,4.18,JP,2022-08-01 18:39:16,overcast clouds
452,Palmer,42.1584,-72.3287,83.52,59,75,4.0,US,2022-08-01 18:44:04,broken clouds
453,Husavik,66.0449,-17.3389,42.49,93,100,8.19,IS,2022-08-01 18:44:05,overcast clouds
454,Beian,63.6559,9.5683,58.01,62,20,8.05,NO,2022-08-01 18:44:05,few clouds
455,Sabha,27.0377,14.4283,90.55,16,0,6.06,LY,2022-08-01 18:44:06,clear sky
456,The Valley,18.217,-63.0578,87.66,70,40,16.11,AI,2022-08-01 18:44:06,scattered clouds
457,Viseu,40.661,-7.9097,91.85,33,0,5.84,PT,2022-08-01 18:40:39,clear sky
458,Kavaratti,10.5669,72.642,78.89,81,100,27.54,IN,2022-08-01 18:44:07,overcast clouds
459,Soller,39.7662,2.7152,87.42,62,0,2.77,ES,2022-08-01 18:44:08,clear sky
460,Olafsvik,64.8945,-23.7142,48.78,76,48,15.75,IS,2022-08-01 18:44:08,scattered clouds
461,Bor,56.3567,44.0669,60.73,71,100,4.0,RU,2022-08-01 18:44:09,overcast clouds
462,Acarau,-2.8856,-40.12,83.08,65,44,20.24,BR,2022-08-01 18:44:10,scattered clouds
463,Saldanha,-33.0117,17.9442,48.25,74,0,11.52,ZA,2022-08-01 18:44:11,clear sky
464,Belaya Gora,68.5333,146.4167,56.53,88,100,13.65,RU,2022-08-01 18:45:11,overcast clouds
465,Togur,58.3631,82.8265,51.04,74,0,7.38,RU,2022-08-01 18:45:12,clear sky
466,Joshimath,30.5667,79.5667,70.9,97,100,1.63,IN,2022-08-01 18:44:31,overcast clouds
467,Masallatah,32.6167,14.0,78.46,77,0,5.95,LY,2022-08-01 18:45:13,clear sky
468,Eau Claire,44.8114,-91.4985,79.18,55,40,8.99,US,2022-08-01 18:44:51,scattered clouds
469,Harunabad,29.6133,73.1389,89.24,66,0,2.68,PK,2022-08-01 18:45:14,clear sky
470,Amazar,53.858,120.875,58.35,95,99,1.19,RU,2022-08-01 18:45:14,overcast clouds
471,Moron,-34.6534,-58.6198,66.94,58,73,6.15,AR,2022-08-01 18:45:15,broken clouds
472,Alugan,12.2188,125.4808,79.27,84,100,4.14,PH,2022-08-01 18:45:16,overcast clouds
473,Peleduy,59.6289,112.7406,59.79,94,14,4.0,RU,2022-08-01 18:45:16,few clouds
474,Yako,12.9667,-2.2667,78.28,73,80,7.78,BF,2022-08-01 18:45:17,broken clouds
475,Varna,43.2167,27.9167,75.24,78,0,4.61,BG,2022-08-01 18:45:17,clear sky
476,Progreso,21.2833,-89.6667,87.15,64,19,17.11,MX,2022-08-01 18:45:18,few clouds
477,Katherine,-14.4667,132.2667,61.12,72,7,3.44,AU,2022-08-01 18:45:19,clear sky
478,Grand-Bourg,15.8835,-61.3148,86.2,76,100,14.16,GP,2022-08-01 18:45:20,overcast clouds
479,Ouesso,1.6136,16.0517,76.82,63,76,0.63,CG,2022-08-01 18:45:20,broken clouds
480,Rapar,23.5667,70.6333,82.94,76,87,17.43,IN,2022-08-01 18:45:21,overcast clouds
481,Ayan,56.45,138.1667,57.04,96,100,14.2,RU,2022-08-01 18:45:21,light rain
482,Santander,43.4647,-3.8044,74.71,85,0,10.0,ES,2022-08-01 18:45:22,clear sky
483,Edd,13.9297,41.6925,92.32,58,80,4.07,ER,2022-08-01 18:45:22,broken clouds
484,Huarmey,-10.0681,-78.1522,68.59,72,10,11.52,PE,2022-08-01 18:44:18,clear sky
485,Chumikan,54.7183,135.315,53.29,99,100,1.45,RU,2022-08-01 18:45:23,light rain
486,Kuusamo,65.9667,29.1833,62.64,67,0,3.44,FI,2022-08-01 18:45:24,clear sky
487,Yumen,40.2833,97.2,72.39,54,100,16.49,CN,2022-08-01 18:42:43,overcast clouds
488,Owosso,42.9978,-84.1766,82.8,73,100,10.36,US,2022-08-01 18:44:18,overcast clouds
489,Kaa-Khem,51.6833,94.7333,61.43,86,100,2.86,RU,2022-08-01 18:45:25,overcast clouds
490,Constitucion,-35.3333,-72.4167,55.42,62,89,11.86,CL,2022-08-01 18:40:56,overcast clouds
491,Parfenyevo,58.484,43.4088,57.49,79,78,2.91,RU,2022-08-01 18:45:26,broken clouds
492,Rorvik,64.8621,11.2373,53.71,71,40,8.05,NO,2022-08-01 18:45:26,scattered clouds
493,Tahoua,14.8888,5.2692,85.98,51,20,12.66,NE,2022-08-01 18:45:27,few clouds
494,Jibuti,11.5,42.5,86.74,38,4,13.15,DJ,2022-08-01 18:40:54,clear sky
495,Beni Suef,29.0731,31.0979,89.85,28,0,13.33,EG,2022-08-01 18:45:28,clear sky
496,Sangar,63.9242,127.4739,61.47,95,100,4.92,RU,2022-08-01 18:45:28,light rain
497,Dabhol,17.6,73.1667,78.94,84,100,5.39,IN,2022-08-01 18:43:26,overcast clouds
498,Cockburn Town,21.4612,-71.1419,82.78,78,0,13.82,TC,2022-08-01 18:41:19,clear sky
499,Port Pirie,-33.1833,138.0167,48.78,57,76,9.73,AU,2022-08-01 18:45:29,broken clouds
500,Sudzha,51.1976,35.2726,69.66,60,99,10.04,RU,2022-08-01 18:45:30,overcast clouds
501,Mount Isa,-20.7333,139.5,64.17,39,21,5.75,AU,2022-08-01 18:45:30,few clouds
502,Antofagasta,-23.65,-70.4,60.08,69,32,6.02,CL,2022-08-01 18:45:31,scattered clouds
503,Moree,-29.4667,149.85,46.42,100,100,8.05,AU,2022-08-01 18:45:32,overcast clouds
504,Miri,4.4148,114.0089,77.14,94,40,4.61,MY,2022-08-01 18:45:32,moderate rain
505,Umea,63.8284,20.2597,60.91,88,20,3.44,SE,2022-08-01 18:45:33,few clouds
506,Ostersund,63.1792,14.6357,52.61,82,100,12.66,SE,2022-08-01 18:44:46,overcast clouds
507,Hofn,64.2539,-15.2082,51.82,66,75,4.61,IS,2022-08-01 18:45:33,broken clouds
508,Evanston,42.0411,-87.6901,86.38,57,75,13.8,US,2022-08-01 18:44:05,broken clouds
509,Ludvika,60.1496,15.1878,62.33,89,55,4.43,SE,2022-08-01 18:45:34,broken clouds
510,Skibbereen,51.55,-9.2667,63.1,98,100,17.65,IE,2022-08-01 18:45:35,overcast clouds
511,Salalah,17.0151,54.0924,77.09,94,75,8.05,OM,2022-08-01 18:45:36,broken clouds
512,Homer,59.6425,-151.5483,57.09,85,100,8.99,US,2022-08-01 18:42:07,light intensity shower rain
513,Chernyshevskiy,63.0128,112.4714,54.54,94,64,5.7,RU,2022-08-01 18:46:37,broken clouds
514,Hailar,49.2,119.7,64.24,70,0,4.61,CN,2022-08-01 18:46:37,clear sky
515,Bedele,8.456,36.353,55.24,98,100,0.18,ET,2022-08-01 18:46:38,light rain
516,Lugovoy,42.9472,72.7644,71.8,46,4,6.98,KZ,2022-08-01 18:46:38,clear sky
517,Datong,40.0936,113.2914,71.19,73,0,4.9,CN,2022-08-01 18:46:39,clear sky
518,Puerto Leguizamo,-0.1934,-74.7819,90.97,47,65,1.88,CO,2022-08-01 18:46:39,broken clouds
519,Ambovombe,-25.1667,46.0833,66.6,81,35,12.84,MG,2022-08-01 18:46:40,light rain
520,Charagua,-19.8,-63.2167,83.77,32,5,9.89,BO,2022-08-01 18:46:41,clear sky
521,Bulawayo,-20.15,28.5833,55.98,64,0,14.03,ZW,2022-08-01 18:46:41,clear sky
522,Semirom,31.4167,51.5667,71.04,43,100,5.17,IR,2022-08-01 18:46:42,overcast clouds
523,Nizhneudinsk,54.9076,99.0276,64.02,98,100,4.5,RU,2022-08-01 18:46:42,moderate rain
524,Point Fortin,10.1833,-61.6833,87.85,71,51,9.51,TT,2022-08-01 18:46:43,broken clouds
525,Naryan-Mar,67.6713,53.087,61.41,96,100,6.24,RU,2022-08-01 18:46:44,light rain
526,Plettenberg Bay,-34.0527,23.3716,52.88,71,2,5.59,ZA,2022-08-01 18:46:44,clear sky
527,Pilar,-9.5972,-35.9567,82.33,74,0,7.7,BR,2022-08-01 18:46:45,clear sky
528,Goderich,43.7501,-81.7165,81.91,61,28,14.97,CA,2022-08-01 18:43:52,scattered clouds
529,Zasheyek,67.4066,32.5499,56.95,91,59,4.56,RU,2022-08-01 18:46:46,broken clouds
530,Nanortalik,60.1432,-45.2371,46.87,78,100,2.51,GL,2022-08-01 18:46:47,overcast clouds
531,Navalmoral De La Mata,39.8916,-5.5406,98.96,18,43,3.31,ES,2022-08-01 18:46:47,scattered clouds
532,Fecamp,49.7579,0.3746,71.44,80,66,8.12,FR,2022-08-01 18:46:48,broken clouds
533,Bereda,43.2686,-7.5406,71.42,92,6,6.91,ES,2022-08-01 18:46:49,clear sky
534,Forestville,38.8451,-76.875,87.49,60,40,9.22,US,2022-08-01 18:44:53,scattered clouds
535,Chicama,-7.8447,-79.1469,61.34,61,19,9.8,PE,2022-08-01 18:44:50,few clouds
536,Weiser,44.251,-116.9693,99.32,23,76,3.2,US,2022-08-01 18:43:49,broken clouds
537,Ixtapa,20.7,-105.2,88.23,70,75,6.91,MX,2022-08-01 18:44:10,broken clouds
538,Danielskuil,-28.1887,23.5395,53.69,42,6,10.49,ZA,2022-08-01 18:46:50,clear sky
539,Bystryy Istok,52.371,84.3873,59.32,89,87,3.09,RU,2022-08-01 18:46:51,overcast clouds
540,Puerto Escondido,15.85,-97.0667,88.2,63,15,7.85,MX,2022-08-01 18:46:16,few clouds
541,Rumonge,-3.9736,29.4386,72.52,76,10,5.86,BI,2022-08-01 18:46:52,light rain
542,Buraydah,26.326,43.975,102.65,28,100,7.83,SA,2022-08-01 18:46:52,overcast clouds
543,Eyl,7.9803,49.8164,76.24,81,8,22.19,SO,2022-08-01 18:46:53,clear sky
544,Oytal,42.9057,73.2697,71.4,49,2,6.22,KZ,2022-08-01 18:46:54,clear sky
545,Oistins,13.0667,-59.5333,87.89,66,40,23.02,BB,2022-08-01 18:46:55,scattered clouds
546,Sioux Lookout,50.1001,-91.917,68.07,52,75,4.61,CA,2022-08-01 18:46:40,broken clouds
547,Victor Harbor,-35.5667,138.6167,51.67,65,100,10.25,AU,2022-08-01 18:46:56,overcast clouds
548,Yendi,9.4427,-0.0099,74.71,85,23,5.17,GH,2022-08-01 18:46:56,few clouds
549,Asyut,27.181,31.1837,93.38,20,2,9.31,EG,2022-08-01 18:46:57,clear sky
550,Egvekinot,66.3167,-179.1667,52.25,52,2,2.82,RU,2022-08-01 18:46:58,clear sky
551,Cowra,-33.8333,148.6833,37.18,91,0,2.82,AU,2022-08-01 18:46:58,clear sky
552,Adrar,20.5022,-10.0711,84.22,48,100,29.35,MR,2022-08-01 18:46:59,light rain
553,Paragominas,-2.9667,-47.4833,79.11,92,100,3.94,BR,2022-08-01 18:44:21,overcast clouds
554,Saint-Leu,-21.15,55.2833,68.32,62,4,1.19,RE,2022-08-01 18:47:00,clear sky
555,Harper,4.375,-7.7169,75.78,73,91,10.51,LR,2022-08-01 18:47:00,overcast clouds
556,Mayo,38.8876,-76.5119,87.04,62,40,9.22,US,2022-08-01 18:43:25,scattered clouds
557,Sukumo,32.9333,132.7333,77.43,96,97,3.27,JP,2022-08-01 18:47:01,overcast clouds
558,Amapa,1.0,-52.0,81.84,81,62,3.78,BR,2022-08-01 18:44:01,broken clouds
559,Poiana Stampei,47.3167,25.1333,59.04,83,90,0.98,RO,2022-08-01 18:47:02,overcast clouds
560,Bukama,-9.2,25.85,78.04,30,0,1.7,CD,2022-08-01 18:48:03,clear sky
561,Yar-Sale,66.8333,70.8333,49.96,77,8,2.06,RU,2022-08-01 18:43:09,clear sky
562,Porto Novo,6.4965,2.6036,75.02,80,79,10.16,BJ,2022-08-01 18:48:03,broken clouds
563,Sao Joaquim,-28.2939,-49.9317,59.63,55,0,4.03,BR,2022-08-01 18:48:04,clear sky
564,Puerto Santander,8.3636,-72.4063,87.21,49,79,4.36,CO,2022-08-01 18:48:05,broken clouds
565,Lander,42.833,-108.7307,98.11,20,0,3.44,US,2022-08-01 18:48:06,clear sky
566,Roma,43.2128,-75.4557,86.83,50,0,4.61,US,2022-08-01 18:46:03,clear sky
567,Vuktyl,63.8567,57.3094,60.44,52,82,6.76,RU,2022-08-01 18:44:19,broken clouds
568,Lucapa,-8.4192,20.7447,76.44,32,0,0.92,AO,2022-08-01 18:48:07,clear sky
569,Sungaipenuh,-2.0833,101.3833,65.1,99,100,0.94,ID,2022-08-01 18:48:08,overcast clouds
570,Pombia,45.653,8.6336,90.66,34,20,3.44,IT,2022-08-01 18:48:09,few clouds
571,Keti Bandar,24.1447,67.4497,82.45,86,100,18.52,PK,2022-08-01 18:48:09,overcast clouds
572,Dubti,11.7361,41.0853,86.99,44,1,7.63,ET,2022-08-01 18:48:10,clear sky
573,San Antonio,29.4241,-98.4936,98.06,43,75,11.5,US,2022-08-01 18:45:40,broken clouds
574,Ayagoz,47.9714,80.4392,64.85,55,5,2.37,KZ,2022-08-01 18:48:10,clear sky
575,Guerrero Negro,27.9769,-114.0611,85.24,42,0,11.97,MX,2022-08-01 18:46:17,clear sky
576,Thiruvananthapuram,8.4833,76.9167,76.98,94,75,6.91,IN,2022-08-01 18:44:42,mist
577,Tignere,7.3667,12.65,64.78,97,100,2.71,CM,2022-08-01 18:48:12,moderate rain
578,Cap-Aux-Meules,47.3821,-61.8597,75.25,73,75,11.5,CA,2022-08-01 18:48:12,broken clouds
579,Panama City,8.9936,-79.5197,86.94,78,40,10.36,PA,2022-08-01 18:46:31,scattered clouds
580,Tobermory,45.2501,-81.6665,68.2,87,100,18.75,CA,2022-08-01 18:44:14,overcast clouds
581,Statesboro,32.4488,-81.7832,98.4,38,40,10.36,US,2022-08-01 18:47:23,scattered clouds
582,Nurlat,54.4277,50.8051,61.93,80,0,7.34,RU,2022-08-01 18:48:14,clear sky
583,Shelburne,44.0787,-80.2041,79.56,61,100,14.5,CA,2022-08-01 18:45:49,overcast clouds
584,Proddatur,14.7333,78.55,79.81,79,100,9.4,IN,2022-08-01 18:48:16,overcast clouds
585,Simplicio Mendes,-7.8539,-41.9103,92.19,21,0,11.03,BR,2022-08-01 18:48:16,clear sky
586,Khani,41.9563,42.9566,67.57,98,100,0.94,GE,2022-08-01 18:48:17,overcast clouds
587,Sambava,-14.2667,50.1667,69.35,86,29,13.33,MG,2022-08-01 18:48:17,scattered clouds
588,Vestmannaeyjar,63.4427,-20.2734,54.59,62,0,17.27,IS,2022-08-01 18:48:18,clear sky
589,Hylkje,60.5103,5.3544,58.03,68,4,1.99,NO,2022-08-01 18:48:18,clear sky
590,Kermanshah,34.3142,47.065,88.7,14,0,11.5,IR,2022-08-01 18:48:19,clear sky
591,Kukuna,9.4,-12.6667,74.59,95,99,7.2,SL,2022-08-01 18:48:19,moderate rain
592,Luanda,-8.8368,13.2343,69.8,83,0,12.66,AO,2022-08-01 18:48:20,clear sky
593,Kawalu,-7.3817,108.2082,72.68,91,97,1.9,ID,2022-08-01 18:48:21,overcast clouds
594,Yerbogachen,61.2767,108.0108,64.33,78,57,3.71,RU,2022-08-01 18:48:22,broken clouds
595,Basoko,1.2391,23.616,73.15,85,100,1.52,CD,2022-08-01 18:48:22,overcast clouds
596,Babushkin,51.7122,105.8647,62.19,94,100,8.88,RU,2022-08-01 18:48:23,light rain
597,Nsanje,-16.92,35.262,70.83,67,90,7.27,MW,2022-08-01 18:48:23,overcast clouds
598,Nuuk,64.1835,-51.7216,50.61,76,75,16.11,GL,2022-08-01 18:48:24,broken clouds
599,Urozhaynoye,44.7883,44.9228,78.82,46,51,10.16,RU,2022-08-01 18:48:24,broken clouds
600,Gdov,58.7406,27.8122,62.53,97,100,11.65,RU,2022-08-01 18:48:25,overcast clouds
601,Napier,-39.4833,176.9167,43.09,80,16,6.53,NZ,2022-08-01 18:48:26,few clouds
602,Znamenskoye,57.1281,73.8282,53.37,77,25,5.75,RU,2022-08-01 18:48:26,scattered clouds
603,Zonguldak,41.25,31.8333,64.17,94,14,3.31,TR,2022-08-01 18:48:27,few clouds
604,Karaton,-6.3424,106.1045,73.99,93,100,1.59,ID,2022-08-01 18:48:28,overcast clouds
605,Arak,34.0917,49.6892,79.03,28,41,3.33,IR,2022-08-01 18:48:28,scattered clouds
606,Plouzane,48.3833,-4.6167,70.12,75,0,9.22,FR,2022-08-01 18:49:29,clear sky
607,Tiarei,-17.5333,-149.3333,78.82,68,2,24.02,PF,2022-08-01 18:49:31,light rain
608,Igrim,63.1906,64.4162,55.0,61,8,4.41,RU,2022-08-01 18:49:32,clear sky
609,Kruisfontein,-34.0033,24.7314,48.18,75,1,3.96,ZA,2022-08-01 18:44:55,clear sky
610,Balabac,7.9868,117.0645,82.35,78,100,9.91,PH,2022-08-01 18:49:32,overcast clouds
611,Harbour Breton,47.4833,-55.7983,65.37,82,100,7.85,CA,2022-08-01 18:49:33,overcast clouds
612,Axams,47.2081,11.2869,64.15,50,20,14.97,AT,2022-08-01 18:49:33,few clouds
613,Narsaq,60.9167,-46.05,57.42,72,100,8.77,GL,2022-08-01 18:46:33,overcast clouds
614,Krasnyy Yar,46.5331,48.3456,80.53,40,47,6.98,RU,2022-08-01 18:49:34,scattered clouds
615,Aswan,24.0934,32.907,101.5,14,0,10.36,EG,2022-08-01 18:49:36,clear sky
616,Qasigiannguit,68.8193,-51.1922,53.85,71,46,4.07,GL,2022-08-01 18:49:37,scattered clouds
617,Shanghai,31.2222,121.4581,84.92,91,0,6.71,CN,2022-08-01 18:49:38,clear sky
618,Petropavlovsk-Kamchatskiy,53.0452,158.6483,46.99,100,40,4.47,RU,2022-08-01 18:49:38,fog
619,Ishinomaki,38.4167,141.3,74.32,96,100,3.36,JP,2022-08-01 18:49:39,overcast clouds
620,Minot,48.2325,-101.2963,82.62,51,0,8.05,US,2022-08-01 18:49:40,clear sky
621,Kangaatsiaq,68.3065,-53.4641,44.02,85,99,9.4,GL,2022-08-01 18:49:41,overcast clouds
622,Masuda,34.6667,131.85,78.75,85,100,7.72,JP,2022-08-01 18:49:41,overcast clouds
623,Muroto,33.2833,134.15,80.92,85,98,7.94,JP,2022-08-01 18:49:42,overcast clouds
624,Pandharpur,17.6667,75.3333,80.56,71,100,14.72,IN,2022-08-01 18:49:42,moderate rain
625,Simao,22.7886,100.9748,65.64,98,100,2.62,CN,2022-08-01 18:49:43,overcast clouds
626,Itoman,26.1247,127.6694,81.37,89,75,8.05,JP,2022-08-01 18:49:44,broken clouds
627,Valley City,46.9233,-98.0032,75.72,64,0,6.91,US,2022-08-01 18:45:04,clear sky
628,Usinsk,65.9939,57.5281,62.58,52,21,10.33,RU,2022-08-01 18:49:44,few clouds
629,Balsas,-7.5325,-46.0356,98.91,19,5,6.53,BR,2022-08-01 18:46:03,clear sky
630,Troitskoye,52.9821,84.6757,60.62,90,91,4.85,RU,2022-08-01 18:49:45,light rain
631,San Diego De Los Banos,22.6467,-83.3697,94.73,47,7,6.35,CU,2022-08-01 18:49:46,clear sky
632,Vaitape,-16.5167,-151.75,77.88,69,54,25.64,PF,2022-08-01 18:49:47,broken clouds
633,Lake City,30.1897,-82.6393,96.62,52,0,0.0,US,2022-08-01 18:48:00,clear sky
634,Playas,-2.6333,-80.3833,72.86,77,80,10.6,EC,2022-08-01 18:49:48,broken clouds
635,Mustafakemalpasa,40.0353,28.4117,77.05,55,0,2.89,TR,2022-08-01 18:49:48,clear sky
636,Kalaleh,37.3807,55.4916,80.2,61,40,11.5,IR,2022-08-01 18:49:49,scattered clouds
637,Ayolas,-27.4,-56.9,73.38,55,31,2.91,PY,2022-08-01 18:49:49,scattered clouds
638,Roswell,34.0232,-84.3616,82.99,80,75,10.36,US,2022-08-01 18:49:50,broken clouds
639,Hastings,50.8552,0.5729,71.98,79,42,7.09,GB,2022-08-01 18:49:51,scattered clouds
640,Udachnyy,66.4167,112.4,50.45,87,100,15.7,RU,2022-08-01 18:49:51,overcast clouds
641,San Felipe,10.3399,-68.7425,78.58,87,100,3.51,VE,2022-08-01 18:49:52,overcast clouds
642,Liancheng,24.0519,105.075,65.25,97,68,2.08,CN,2022-08-01 18:49:52,broken clouds
643,Sitka,57.0531,-135.33,58.89,82,75,9.22,US,2022-08-01 18:49:53,broken clouds
644,Alyangula,-13.8483,136.4192,70.86,89,13,7.38,AU,2022-08-01 18:49:54,few clouds
645,Hobe Sound,27.0595,-80.1364,93.99,72,79,12.71,US,2022-08-01 18:49:54,broken clouds
646,Wang Saphung,17.301,101.7685,74.61,92,100,2.37,TH,2022-08-01 18:49:55,overcast clouds
647,Coihaique,-45.5752,-72.0662,46.35,49,0,4.61,CL,2022-08-01 18:48:11,clear sky
648,Vierzon,47.2101,2.0625,83.75,46,19,5.66,FR,2022-08-01 18:49:56,few clouds
649,Omsukchan,62.5333,155.8,48.52,89,72,7.4,RU,2022-08-01 18:49:57,broken clouds
650,Sampit,-2.5333,112.95,72.12,98,85,1.77,ID,2022-08-01 18:50:59,light rain
651,Mahibadhoo,3.7833,72.9667,81.46,74,100,21.05,MV,2022-08-01 18:50:59,moderate rain
652,Vanimo,-2.6741,141.3028,77.34,89,98,4.83,PG,2022-08-01 18:51:00,overcast clouds
653,Gigmoto,13.7796,124.39,79.83,84,99,6.51,PH,2022-08-01 18:51:00,overcast clouds
654,Puerto Baquerizo Moreno,-0.9,-89.6,74.39,73,40,14.97,EC,2022-08-01 18:50:09,scattered clouds
655,Ust-Nera,64.5667,143.2,67.03,67,100,5.64,RU,2022-08-01 18:51:01,overcast clouds
656,Moyale,3.5167,39.0584,71.49,53,100,11.3,KE,2022-08-01 18:51:02,overcast clouds
657,Rawson,-43.3002,-65.1023,50.83,58,100,7.31,AR,2022-08-01 18:51:02,overcast clouds
658,Mokrousovo,55.8103,66.7653,55.51,85,38,8.01,RU,2022-08-01 18:51:02,scattered clouds
659,Muyezerskiy,63.9333,31.65,57.7,83,41,4.54,RU,2022-08-01 18:51:03,scattered clouds
660,Wismar,53.9,11.4667,66.25,70,89,1.99,DE,2022-08-01 18:51:04,overcast clouds
661,Xining,36.6167,101.7667,60.75,82,100,3.04,CN,2022-08-01 18:51:04,overcast clouds
662,Berbera,10.4396,45.0143,91.56,41,16,23.91,SO,2022-08-01 18:51:05,few clouds
663,Aksehir,38.3575,31.4164,73.31,51,22,9.31,TR,2022-08-01 18:51:06,few clouds
664,Russell,32.3502,-85.1999,93.0,52,20,0.0,US,2022-08-01 18:51:06,few clouds
665,Singaparna,-7.3515,108.111,71.74,91,87,2.28,ID,2022-08-01 18:51:07,overcast clouds
666,Havre-Saint-Pierre,50.2334,-63.5986,75.56,60,0,8.05,CA,2022-08-01 18:51:08,clear sky
667,Poya,-21.35,165.15,69.17,91,52,6.6,NC,2022-08-01 18:51:08,broken clouds
668,Comodoro Rivadavia,-45.8667,-67.5,49.86,37,0,5.75,AR,2022-08-01 18:51:09,clear sky
669,Beroroha,-21.6667,45.1667,73.87,46,5,7.78,MG,2022-08-01 18:51:10,clear sky
670,Digby,44.6169,-65.7655,81.55,69,98,15.08,CA,2022-08-01 18:51:10,overcast clouds
671,Laukaa,58.7372,29.8453,59.88,99,100,10.67,RU,2022-08-01 18:51:11,moderate rain
672,Ugoofaaru,5.6667,73.0,80.94,74,100,22.28,MV,2022-08-01 18:51:11,overcast clouds
673,Brookhaven,31.5791,-90.4407,91.8,41,96,4.32,US,2022-08-01 18:50:38,overcast clouds
674,Kerema,-7.9631,145.7785,76.1,90,60,3.69,PG,2022-08-01 18:51:13,broken clouds
675,Lavumisa,-27.31,31.892,61.75,74,100,1.97,SZ,2022-08-01 18:51:14,overcast clouds
676,Oranjestad,12.524,-70.027,85.95,79,40,23.02,AW,2022-08-01 18:51:14,scattered clouds
677,Ponca City,36.707,-97.0856,95.02,31,0,13.8,US,2022-08-01 18:47:09,clear sky
678,Gat,31.61,34.7642,81.81,100,0,3.44,IL,2022-08-01 18:48:01,clear sky
679,Burnie,-41.0667,145.9167,46.94,79,43,15.23,AU,2022-08-01 18:51:15,scattered clouds
680,Lafiagi,8.8667,5.4167,75.04,91,100,5.44,NG,2022-08-01 18:51:16,light rain
681,Itaituba,-4.2761,-55.9836,93.36,59,40,10.36,BR,2022-08-01 18:51:17,scattered clouds
682,Kiunga,-6.1219,141.2906,72.61,100,100,1.61,PG,2022-08-01 18:51:17,moderate rain
683,Starobaltachevo,56.0013,55.9213,59.38,93,12,5.84,RU,2022-08-01 18:51:18,few clouds
684,Colares,38.7992,-9.4469,87.1,54,20,8.05,PT,2022-08-01 18:51:18,few clouds
685,Valdosta,30.8327,-83.2785,96.98,52,40,8.05,US,2022-08-01 18:49:51,scattered clouds
686,Mogok,22.9167,96.5,66.52,98,100,2.51,MM,2022-08-01 18:51:19,overcast clouds
687,Tura,25.5198,90.2201,73.49,97,99,3.58,IN,2022-08-01 18:50:22,light rain
688,Togul,53.465,85.9128,61.09,92,100,3.78,RU,2022-08-01 18:51:20,light rain
689,Tapiramuta,-11.8472,-40.7914,72.07,56,15,7.23,BR,2022-08-01 18:51:21,few clouds
690,Key West,24.5557,-81.7826,95.0,68,20,17.27,US,2022-08-01 18:51:22,few clouds
691,Monrovia,6.3005,-10.7969,73.17,90,100,13.98,LR,2022-08-01 18:50:28,moderate rain
692,Pochutla,15.7432,-96.4661,88.83,57,66,7.49,MX,2022-08-01 18:51:23,broken clouds
693,Khasan,42.4308,130.6434,70.43,99,36,4.32,RU,2022-08-01 18:51:23,scattered clouds
694,Tonj,7.2737,28.6822,68.97,95,100,1.01,SS,2022-08-01 18:51:24,overcast clouds
695,Pampa,35.5362,-100.9599,91.54,40,0,21.85,US,2022-08-01 18:48:04,clear sky
696,Marquette,46.5333,-87.6335,65.64,93,100,10.27,US,2022-08-01 18:52:25,overcast clouds
697,Tumarbong,10.3766,119.4579,78.82,87,100,3.33,PH,2022-08-01 18:52:25,overcast clouds
698,Wajima,37.4,136.9,82.38,76,100,8.86,JP,2022-08-01 18:52:26,overcast clouds
699,Longyearbyen,78.2186,15.6401,53.44,71,75,9.22,SJ,2022-08-01 18:51:37,broken clouds
700,Grindavik,63.8424,-22.4338,53.55,62,40,20.71,IS,2022-08-01 18:52:27,scattered clouds
701,Caucaia,-3.7361,-38.6531,84.15,71,20,16.11,BR,2022-08-01 18:52:27,few clouds
702,Ban Nahin,18.2418,104.2122,74.5,96,9,2.26,LA,2022-08-01 18:52:28,light rain
703,Muncar,-8.4333,114.3333,75.09,94,59,2.24,ID,2022-08-01 18:52:29,broken clouds
704,Maragogi,-9.0122,-35.2225,76.69,72,5,10.92,BR,2022-08-01 18:52:29,clear sky
705,Pilani,28.3684,75.6041,86.4,69,37,8.63,IN,2022-08-01 18:52:30,scattered clouds
706,Pangnirtung,66.1451,-65.7125,51.8,76,75,4.61,CA,2022-08-01 18:52:30,broken clouds
